policy,date,grid_plan_kwh,grid_used_kwh,grid_unused_kwh,charge_bus_kwh,discharge_bus_kwh,emergency_kwh,pv_curtailment_kwh,plan_cost_yuan,emergency_cost_yuan,total_cost_yuan,soc_start_kwh,soc_end_kwh,soc_min_kwh,soc_max_kwh,emergency_slot_count,emergency_event_count,subthreshold_emergency_kwh
MAIN,2025-02-01,47129.59644320988,42449.01199386831,4680.584449341568,18569.98926053497,14721.471299999996,5.684341886080803e-14,4222.3181,24488.62323591519,2.4212454263761174e-13,24488.62323591519,9265.259272074078,9621.059273222225,2040.6049888888924,10800.0,0,0,5.684341886080803e-14
MAIN,2025-02-02,92501.8409574074,82201.79816489712,10300.04279251028,20971.41829489713,17185.072146666673,2.273736754432321e-13,59.174066666666704,58919.11290702084,1.1773835240092012e-12,58919.11290702084,9621.059273222225,9400.81113122222,1680.0345222222186,10800.0,0,0,2.273736754432321e-13
MAIN,2025-02-03,90358.6234963786,84283.08189925925,6075.541597119343,21945.585399259257,17879.420000000006,3.1263880373444413e-13,0.0,57181.11653653944,1.1266507726759301e-12,57181.11653653945,9400.81113122222,9285.815768333334,1591.345333333334,10800.0,0,0,3.1263880373444413e-13
MAIN,2025-02-04,92287.06868333332,85741.16151123456,6545.907172098763,23359.71471123457,18813.41715,2.842170943040401e-13,0.0,58337.49641915033,1.0181224752159324e-12,58337.49641915034,9285.815768333334,9405.762175111113,1813.427051851851,10800.0,0,0,2.842170943040401e-13
MAIN,2025-02-05,93104.86186683128,84715.31474530864,8389.547121522639,22048.10325197531,18083.26799,2.557953848736361e-13,2.052500000000009,59282.25918600807,1.136783112087869e-12,59282.25918600807,9405.762175111113,9156.535113000004,1423.6374000000023,10800.0,0,0,2.557953848736361e-13
MAIN,2025-02-06,92993.97429666664,84619.16270185185,8374.811594814817,21737.10747518518,17390.40280666667,3.836930773104541e-13,1.400816666666742,59089.974820041,1.8720953676165663e-12,59089.974820041,9156.535113000004,9397.262055481484,1766.7228259259289,10800.0,0,0,3.836930773104541e-13
MAIN,2025-02-07,44515.441394197536,40045.343217160495,4470.098177037043,18064.998190493825,15236.90024,8.526512829121202e-14,5411.5656,23117.78427514583,3.401083858989296e-13,23117.78427514583,9397.262055481484,8725.87127137037,1541.8275999999994,10800.0,0,0,8.526512829121202e-14
MAIN,2025-02-08,39855.69397242798,39026.68888349795,829.0050889300442,19226.51912234568,15236.343696666669,2.8421709430404014e-14,3459.3507411522637,20645.918622974077,1.1753797934943576e-13,20645.918622974077,8725.87127137037,9100.467707407406,1376.1930664444417,10800.0,0,0,2.8421709430404014e-14
MAIN,2025-02-09,85645.43136482511,83851.48804930042,1793.9433155246952,24111.601692633743,19733.836164233333,81.69344576666774,0.0,53714.91231505187,326.3653158378373,54041.2776308897,9100.467707407406,8874.424603851852,1200.0,10800.0,1,1,2.842170943040401e-13
MAIN,2025-02-10,89005.74050794239,78642.29376839507,10363.446739547322,20256.39158506173,16440.398433333332,0.0,499.6630333333335,55949.64679882826,0.0,55949.64679882826,8874.424603851852,8838.067660037035,1452.186185185184,10800.0,0,0,0.0
MAIN,2025-02-11,82611.87963329219,79543.41287300413,3068.466760288059,23268.507438600835,18988.603906666664,7.815970093361102e-14,42.91220773662589,51461.19907235541,3.3115199471467354e-13,51461.19907235541,8838.067660037035,8681.275569592593,1217.24617014815,10800.0,0,0,7.815970093361102e-14
MAIN,2025-02-12,84193.15967160495,79868.4966066255,4324.66306497943,22538.293383292174,18099.91719333333,2.3092638912203256e-13,163.38428333333331,52558.34935175777,9.00097774092501e-13,52558.34935175777,8681.275569592593,8854.72051085185,1426.98035248148,10800.0,0,0,2.3092638912203256e-13
MAIN,2025-02-13,83604.66300666667,75026.24343934156,8578.41956732511,19302.198762674896,16164.072123333332,2.273736754432321e-13,558.6377833333338,52545.81760980057,7.843254934414289e-13,52545.81760980057,8854.72051085185,8266.619260222222,1311.4313551111086,10800.0,0,0,2.273736754432321e-13
MAIN,2025-02-14,36487.6850599177,36241.560199917694,246.12486000000052,18495.21017761317,15016.096076666665,2.8421709430404014e-14,2960.644282304526,19041.166072511096,1.1446843473095216e-13,19041.166072511096,8266.619260222222,8227.757223777777,1343.677703518517,10800.0,0,0,2.8421709430404014e-14
MAIN,2025-02-15,37557.15002197531,37172.08971213992,385.060309835392,18625.67935419753,14631.472566666664,2.273736754432321e-13,3897.791824609052,19599.252502404102,7.10315362084657e-13,19599.252502404102,8227.757223777777,8733.676901814817,1448.0598148148144,10800.0,0,0,2.273736754432321e-13
MAIN,2025-02-16,82940.06694725885,79789.22651108602,3150.840436172836,22718.476077119347,18303.6545827,20.180333333333465,17.206249999999727,51542.33395411361,91.8104265000006,51634.144380613616,8733.676901814817,8842.911390444448,1323.4762185185214,10800.0,1,1,2.273736754432321e-13
MAIN,2025-02-17,83580.17770292182,75836.20880345679,7743.968899465022,19581.62195012345,15877.718596666668,2.8421709430404014e-14,948.4422833333338,51907.01433801996,1.1354472917446401e-13,51907.01433801996,8842.911390444448,8824.461593703707,1286.7835629629644,10800.0,0,0,2.8421709430404014e-14
MAIN,2025-02-18,79615.34701946256,76656.56044320986,2958.7865762526853,22454.83867234567,17974.32831333333,14.942333333333618,99.60463419753388,49168.612732873735,67.98014550000117,49236.59287837373,8824.461593703707,9062.340495111115,1469.030811111113,10800.0,1,1,3.2240876635114546e-13
MAIN,2025-02-19,79946.39203637859,76863.17477448306,3083.217261895539,22839.92532131433,18944.183030164604,47.82725000000028,135.93235000000004,49558.611480174426,211.0629380416679,49769.67441821609,9062.340495111115,8569.181028555558,1310.6148185185216,10800.0,2,2,2.273736754432321e-13
MAIN,2025-02-20,79285.44863759835,74626.73455805104,4658.714079547323,19931.745456584365,16819.122091866666,32.61644000000018,553.5939000000001,49525.380379263486,152.77540496000074,49678.15578422349,8569.181028555558,7819.838504074079,1468.2745005555596,10800.0,1,1,2.842170943040401e-13
MAIN,2025-02-21,35316.34707246913,34971.03210979424,345.31496267489626,17469.206222304525,14308.456273333331,2.131628207280301e-13,6250.020127489712,18407.48904408922,6.818439146627498e-13,18407.48904408922,7819.838504074079,7643.839356000004,1673.3721777777805,10800.0,0,0,2.131628207280301e-13
MAIN,2025-02-22,37007.82988773662,36735.825164403286,272.00472333333414,19049.30344905349,14227.024116666667,3.410605131648481e-13,4068.782948683131,19146.26382429727,1.2096279533579946e-12,19146.26382429727,7643.839356000004,8980.407886074074,1487.562163481481,10800.0,0,0,3.410605131648481e-13
MAIN,2025-02-23,81485.50937082304,75805.45504226339,5680.054328559663,20694.387936460917,16925.784883333334,0.6843733333336814,505.6826791358029,50718.28718797432,3.205604693334915,50721.49279266765,8980.407886074074,8798.929380740741,1393.922592592593,10800.0,1,1,7.105427357601003e-14
MAIN,2025-02-24,79419.81460347696,73378.96807349793,6040.846529979013,20641.16450979424,16716.731263333335,16.943880000000092,1268.445090370374,48827.36361906392,79.36513392000032,48906.72875298392,8798.929380740741,8801.831591407406,1279.6253978888872,10800.0,1,1,2.842170943040401e-13
MAIN,2025-02-25,76962.14051526749,70985.57048300412,5976.570032263373,21066.72575251029,17083.11952666667,30.623666666666622,1211.264690493827,47281.97555925567,134.11634816666648,47416.091907422335,8801.831591407406,8780.640850148147,1419.888877148146,10800.0,1,1,0.0
MAIN,2025-02-26,74323.96258851852,73371.19411913579,952.7684693827132,22424.903020123467,18033.98899333333,7.389644451905042e-13,165.43205901234074,45591.134991127976,2.482750005583512e-12,45591.134991127976,8780.640850148147,8925.288020111113,1265.6858301111129,10800.0,0,0,7.389644451905042e-13
MAIN,2025-02-27,74910.3261536214,69474.34568,5435.980473621406,21110.77916666666,18604.670072366665,507.94162430000097,519.5940099999987,46318.63893922187,2469.6688279023047,48788.30776712418,8925.288020111113,7253.133634148147,1200.0,10800.0,5,1,1.6164847238542282e-13
MAIN,2025-02-28,34327.79945008231,33850.57880292182,477.2206471604943,16853.958801275716,13905.225923333332,0.0,7609.252374979432,17758.759423188734,0.0,17758.759423188734,7253.133634148147,6971.44552937038,1468.4137777777844,10800.0,0,0,0.0
MAIN,2025-03-01,36795.48282942386,36625.6147783539,169.86805106996255,18685.5119184362,13236.470903333333,4.263256414560601e-14,7517.8078299177,18906.440128605413,1.8216184116681691e-13,18906.440128605413,6971.44552937038,9081.216363370371,1546.8254703703697,10800.0,0,0,4.263256414560601e-14
MAIN,2025-03-02,80474.53422958848,74926.33928333333,5548.19494625514,19874.81291333334,16532.107744999998,808.637851666667,33.96489999999994,50074.14064058552,5569.140724235201,55643.28136482072,9081.216363370371,8599.539379814816,1200.0,10800.0,3,2,2.3447910280083306e-13
MAIN,2025-03-03,84048.5671755967,76759.87396662551,7288.693208971195,22687.573526625514,18241.33579333334,1.7053025658242404e-13,296.4896000000001,52129.71300730611,6.714344635838643e-13,52129.71300730611,8599.539379814816,8750.204672296295,1347.9908703703693,10800.0,0,0,1.7053025658242404e-13
MAIN,2025-03-04,83896.24515242799,74130.67389687244,9765.571255555553,19604.984305473256,15816.37669,1.1368683772161605e-13,1142.6083480658451,52328.21312605578,4.345110937720165e-13,52328.21312605578,8750.204672296295,8820.938669444446,1438.5156407407408,10800.0,0,0,1.1368683772161605e-13
MAIN,2025-03-05,79014.33604726236,70522.09666518893,8492.239382073418,19436.8201903395,15802.141975150558,3.0790647809197935e-13,756.9464333333337,48715.82487291423,1.308473454586512e-12,48715.82487291424,8820.938669444446,8756.141312804928,1279.675964048265,10800.0,0,0,3.0790647809197935e-13
MAIN,2025-03-06,73792.77890807836,68365.35250278075,5427.426405297619,17581.65981419527,16393.51774474786,9.663381206337365e-13,1236.5562999999995,45930.91588824743,3.808963811025023e-12,45930.91588824744,8756.141312804928,6364.6154291941575,1291.7886197693877,10800.0,0,0,9.663381206337365e-13
MAIN,2025-03-07,33542.732398058826,33081.69014808109,461.04224997774,15170.921573832446,12245.435929651594,0.0,9233.918970566903,17597.404731755174,0.0,17597.404731755174,6364.6154291941575,6412.404923808254,1817.4199804337557,10800.0,0,0,0.0
MAIN,2025-03-08,35583.627481902426,34682.29876988484,901.32871201759,18781.76976842961,12633.621363163224,5.684341886080803e-14,9471.010847951771,18520.43877291234,2.5647750589996574e-13,18520.43877291234,6412.404923808254,9278.64064521355,1805.7943212775567,10800.0,0,0,5.684341886080803e-14
MAIN,2025-03-09,75545.53232471152,68715.59308944248,6829.939235269035,20364.182950581635,16830.07197780582,0.0,1847.9570666666668,46393.1209122039,0.0,46393.1209122039,9278.64064521355,8906.325325397227,1384.62496121392,10800.0,0,0,0.0
MAIN,2025-03-10,72131.74996673162,71683.80031042121,447.9496563104083,21609.926327422552,17599.244661692414,368.95280530892217,0.0,43913.731786589145,2573.814769835038,46487.54655642418,8906.325325397227,8800.542729308183,1200.0,10800.0,1,1,7.958078640513122e-13
MAIN,2025-03-11,74658.25173017831,69312.35553714946,5345.896193028852,20420.15503382759,16487.37931334479,6.252776074688883e-13,1440.6610166666671,45286.90920576215,2.693980150070274e-12,45286.90920576215,8800.542729308183,8859.371911592136,1287.3410531753198,10800.0,0,0,6.252776074688883e-13
MAIN,2025-03-12,72906.06398479227,67838.15295386274,5067.91103092953,20828.47362601073,16865.480477902478,5.684341886080803e-14,1439.6251224211542,44299.08135600592,3.6610003917303403e-13,44299.08135600592,8859.371911592136,8865.575421776817,1345.8251060790783,10800.0,0,0,5.684341886080803e-14
MAIN,2025-03-13,67221.13872374137,66535.44652273878,685.6922010025962,17817.031358337925,17727.45010860094,1099.752743664874,0.0,41440.53828586018,5882.71917774726,47323.25746360744,8865.575421776817,5203.736856946568,1200.0,10800.0,8,2,6.821210263296962e-13
MAIN,2025-03-14,31382.51556493082,30921.73011997059,460.7854449602281,15661.962891577085,12212.467242277982,1.4210854715202006e-13,11442.808487338158,16437.28138971026,3.2223113066720544e-13,16437.28138971026,5203.736856946568,5730.095412390409,1532.8137133158089,10800.0,0,0,1.4210854715202006e-13
MAIN,2025-03-15,35344.07183654021,34696.539174547375,647.5326619928474,18796.55800662726,12584.330663104747,0.0,7560.186681024859,18017.61049318885,0.0,18017.61049318885,5730.095412390409,8664.407992683004,1310.4627862279397,10800.0,0,0,0.0
MAIN,2025-03-16,72547.08737184637,67956.62123252919,4590.466139317191,20693.820488144516,16412.781634977597,1.6400000000006258,326.1754460289318,43942.573471976335,7.461180000002511,43950.03465197634,8664.407992683004,9052.422393149078,1589.1992552202378,10800.0,1,1,6.394884621840903e-13
MAIN,2025-03-17,72945.91575124263,64026.77526615307,8919.140485089554,18772.293658009232,15238.457161870148,3.979039320256561e-13,2634.8073366806525,44114.973392387205,1.7921877315529858e-12,44114.973392387205,9052.422393149078,9015.86761661278,1434.4884037758457,10800.0,0,0,3.979039320256561e-13
MAIN,2025-03-18,68413.40094435692,65211.58057935738,3201.8203649995385,21453.14373989415,17454.900819397077,1017.846424473023,1105.2257166666668,41081.94419511706,5116.249846818481,46198.19404193554,9015.86761661278,8929.36273874298,1200.0,10800.0,8,1,2.273736754432321e-13
MAIN,2025-03-19,71721.95064191494,65566.72180040412,6155.228841510831,20498.873204637173,16483.716745790072,2.842170943040401e-13,2086.0948915570148,43359.45649161294,1.1217480277991857e-12,43359.45649161294,8929.36273874298,9063.1077942608,1561.131778726343,10800.0,0,0,2.842170943040401e-13
MAIN,2025-03-20,68903.8505413065,62821.87813230566,6081.972409000849,15653.384597799692,16502.938949514413,55.97419931295468,1518.4448666666658,42663.609101728056,390.4760144071713,43054.08511613523,9063.1077942608,4814.555099486722,1200.0,10800.0,1,1,1.7053025658242404e-13
MAIN,2025-03-21,31158.148733076418,30131.80674047041,1026.3419926060071,15197.88116043656,12036.982569571604,0.0,14937.443632938786,16277.013700000112,0.0,16277.013700000112,4814.555099486722,5118.223066577843,1495.1125092571335,10800.0,0,0,0.0
MAIN,2025-03-22,35383.20156418771,35142.492591978174,240.7089722095298,19132.51167659644,11503.65046126475,5.684341886080803e-14,11632.431643313152,17964.31864169825,2.627018602652242e-13,17964.31864169825,5118.223066577843,9555.649729664912,1887.0011295509887,10800.0,0,0,5.684341886080803e-14
MAIN,2025-03-23,70871.6627690761,64017.260375014375,6854.4023940617135,19586.41742898592,16611.673385323822,82.6835519810545,2355.4797666666664,42731.953902803856,570.7195303904273,43302.67343319429,9555.649729664912,8726.010543170216,1200.0,10800.0,2,2,3.410605131648481e-13
MAIN,2025-03-24,69170.65800140909,64349.70074620341,4820.957255205663,20785.761342203863,16926.899262667117,5.400124791776761e-13,2492.341583333334,41345.379300280605,2.187789505114779e-12,41345.379300280605,8726.010543170216,8625.52990374579,1273.9050420913848,10800.0,0,0,5.400124791776761e-13
MAIN,2025-03-25,69084.37711996275,66793.31034706002,2291.0667729027264,21407.377813060717,17292.98948654252,15.359867612904338,1744.1571714880677,41494.02360477368,71.96865970026276,41565.99226447394,8625.52990374579,8677.737172675403,1200.0,10800.0,2,1,2.842170943040401e-13
MAIN,2025-03-26,66800.15454552171,62132.70678438719,4667.447761134525,20574.073858422264,16575.163851343583,2.273736754432321e-13,2541.241910641838,40162.32188193312,8.699032605363754e-13,40162.32188193312,8677.737172675403,8777.55492154034,1277.6205481274585,10800.0,0,0,2.273736754432321e-13
MAIN,2025-03-27,62412.21702809277,59404.69436326662,3007.522664826135,15740.29660634592,16440.414050106687,3.1263880373444413e-13,1387.8224070273943,38460.65707819462,1.2965699625056004e-12,38460.65707819462,8777.55492154034,4676.695144910899,1451.6322730864854,10800.0,0,0,3.1263880373444413e-13
MAIN,2025-03-28,30246.254518897415,29437.236501761483,809.018017135932,14568.250900517116,11587.562764862658,0.0,15634.66759944036,15709.153206844609,0.0,15709.153206844609,4676.695144910899,4913.051216640016,1789.90253075247,10800.0,0,0,0.0
MAIN,2025-03-29,34620.46720684972,34324.21175279404,296.2554540556698,18618.45623893875,11411.166007886635,8.526512829121202e-14,19409.712338408604,17274.691548645977,4.077946869074367e-13,17274.691548645977,4913.051216640016,8990.588489588625,1477.747424267418,10800.0,0,0,8.526512829121202e-14
MAIN,2025-03-30,65123.86882558721,62175.13979581313,2948.7290297740874,20291.715309646894,16366.12839716711,1.5631940186722204e-13,2903.933183333333,39302.49090629028,5.178577566766764e-13,39302.49090629028,8990.588489588625,9068.545160307382,1537.427781120939,10800.0,0,0,1.5631940186722204e-13
MAIN,2025-03-31,64140.73024977029,61965.60564836974,2175.1246014005383,19459.726817451723,15874.052100810157,9.094947017729282e-13,1428.5414483948416,38482.9007516815,3.626084321695089e-12,38482.9007516815,9068.545160307382,8944.46362844709,1298.7536848010582,10800.0,0,0,9.094947017729282e-13
MAIN,2025-04-01,65341.898040287815,64021.53942462582,1320.3586156619813,20336.626855976872,16523.938948017705,2.842170943040401e-13,0.0,39259.27627887871,8.152341024469933e-13,39259.27627887871,8944.46362844709,8887.49563436215,1383.5183406431163,10800.0,0,0,2.842170943040401e-13
MAIN,2025-04-02,65861.82682432383,62812.85337122351,3048.9734531003373,21339.124965155926,17290.041143932423,1671.5658500000018,0.0,39202.87729533984,8353.047769075009,47555.925064414856,8887.49563436215,8881.55127641091,1200.0,10800.0,10,1,1.1368683772161605e-13
MAIN,2025-04-03,62511.26177547153,57592.8429192489,4918.418856222634,15243.860689275269,16351.45478558593,153.04583444043575,2989.9525833333337,38057.992945403166,1067.6477410564792,39125.64068645965,8881.55127641091,4432.742801663168,1200.0,10800.0,1,1,1.9895196601282805e-13
MAIN,2025-04-04,29346.96828918748,28710.8938989044,636.0743902830807,13848.652562403053,11173.497949204831,0.0,19604.937035706185,14971.206856493278,0.0,14971.206856493278,4432.742801663168,4481.532386487212,1616.0409887882818,10800.0,0,0,0.0
MAIN,2025-04-05,33836.72617361788,33580.04254349858,256.6836301192983,18532.64182940346,11127.899561488124,0.0,14131.185292249917,16687.414166420116,0.0,16687.414166420116,4481.532386487212,8796.577186852408,1354.9700432411296,10800.0,0,0,0.0
MAIN,2025-04-06,66492.06950419417,61543.34149367721,4948.728010516958,20087.084347372685,16295.020299879156,0.0,3341.2011795170097,39624.00996952992,0.0,39624.00996952992,8796.577186852408,8769.374988510988,1257.856053295212,10800.0,0,0,0.0
MAIN,2025-04-07,65517.01040131258,59844.2437670941,5672.7666342184775,19792.380306887357,15805.707523507506,1.1368683772161605e-13,2614.8517003809216,38857.16597761269,3.805098458542489e-13,38857.16597761269,8769.374988510988,9020.620016367937,1530.5012233086577,10800.0,0,0,1.1368683772161605e-13
MAIN,2025-04-08,64875.5715310034,60030.39672187536,4845.174809128026,21037.80761829167,17345.85787974964,104.15124999999968,2089.4046166666667,38504.34005275301,513.4415774999983,39017.78163025301,9020.620016367937,8681.471450886398,1200.0,10800.0,4,1,1.1368683772161605e-13
MAIN,2025-04-09,65917.14156782512,64130.92206311888,1786.2195047062355,20229.24697687489,16075.98174920638,3.410605131648481e-13,843.3458187837057,39597.64780134107,1.1188205917278536e-12,39597.64780134107,8681.471450886398,9025.591786511157,1501.963970640805,10800.0,0,0,3.410605131648481e-13
MAIN,2025-04-10,60783.27466069142,55335.00614264014,5448.26851805128,15015.909052959922,16541.513044005325,1.4210854715202006e-13,2399.972233685542,37054.6053752929,5.026379312766949e-13,37054.6053752929,9025.591786511157,4160.450996391391,1340.545909998685,10800.0,0,0,1.4210854715202006e-13
MAIN,2025-04-11,28590.883125693697,27856.4814311857,734.4016945079986,13158.277119328555,10846.393838948896,0.0,20227.947984139373,14659.079489475544,0.0,14659.079489475544,4160.450996391391,3951.351693843872,1626.1818712473369,10800.0,0,0,0.0
MAIN,2025-04-12,33986.68091161925,33515.6491702689,471.0317413503468,18492.522624629244,10338.798853775896,0.0,16336.764849415558,16728.816942743415,0.0,16728.816942743415,3951.351693843872,9107.06777403697,1593.9751854384344,10800.0,0,0,0.0
MAIN,2025-04-13,61938.18488378968,59204.807463708,2733.3774200816765,20203.21354529785,16533.546423006042,3.694822225952521e-13,1258.7818580828623,36786.43239028231,1.5037784351079609e-12,36786.43239028231,9107.06777403697,8919.352828131656,1368.6847291089302,10800.0,0,0,3.694822225952521e-13
MAIN,2025-04-14,64075.943804532864,59257.86895223291,4818.074852299946,19978.86024280992,16327.539957317058,0.0,3078.516866740054,37782.8927710813,0.0,37782.8927710813,8919.352828131656,8758.615982974961,1224.874245639553,10800.0,0,0,0.0
MAIN,2025-04-15,63904.04309539165,57996.0573220508,5907.985773340848,18934.61952507192,15137.963924636411,4.263256414560601e-13,4059.97288828195,37746.93802201739,1.7854375755632645e-12,37746.93802201739,8758.615982974961,8979.813639277012,1401.8558469191507,10800.0,0,0,4.263256414560601e-13
MAIN,2025-04-16,62768.47174867404,60815.233821727736,1953.2379269463136,19705.20712027493,16081.629051403468,5.684341886080803e-14,1412.0638028562716,37282.18118450103,3.6610003917303403e-13,37282.18118450103,8979.813639277012,8846.023323742813,1469.2447828565207,10800.0,0,0,5.684341886080803e-14
MAIN,2025-04-17,57534.873882061074,53486.38746410188,4048.4864179592055,14105.652737653412,15871.728090218205,5.684341886080803e-14,2384.1204666666663,35122.47391567711,3.6610003917303403e-13,35122.47391567711,8846.023323742813,3905.8573540551,1359.3241761452118,10800.0,0,0,5.684341886080803e-14
MAIN,2025-04-18,27330.551194448075,26496.632568333574,833.9186261144964,12695.201405727834,10354.081150405,0.0,17801.39512967741,13902.990848312813,0.0,13902.990848312813,3905.8573540551,3827.004007649041,1692.6156675102611,10800.0,0,0,0.0
MAIN,2025-04-19,32910.018707785974,32220.24808087469,689.7706269112776,18886.48861046545,10550.87235826198,0.0,17099.952578671226,16013.604688569312,0.0,16013.604688569312,3827.004007649041,9101.652247887969,1683.8522646553615,10800.0,0,0,0.0
MAIN,2025-04-20,60893.15868406212,58306.44652844048,2586.712155621636,20089.47836480151,16230.814966728352,1.1368683772161605e-13,2490.038247033988,36149.51028106119,5.378524292609654e-13,36149.51028106119,9101.652247887969,9147.943924288937,1598.165786957392,10800.0,0,0,1.1368683772161605e-13
MAIN,2025-04-21,61307.6188344685,56639.239396560384,4668.379437908116,18211.094492359065,14936.734137292597,0.0,4847.968658160585,36504.39483741652,0.0,36504.39483741652,9147.943924288937,8941.557703753655,1485.5910386618907,10800.0,0,0,0.0
MAIN,2025-04-22,57739.82390336476,57046.14748337638,693.6764199883663,19279.490896159885,15656.908013966802,3.410605131648481e-13,1270.6352845166398,34447.378847281354,1.1516334552652552e-12,34447.378847281354,8941.557703753655,8896.535050334443,1579.6663805827052,10800.0,0,0,3.410605131648481e-13
MAIN,2025-04-23,62052.94783729714,57925.83568173078,4127.112155566364,18706.936244518507,14876.107412787724,0.0,2695.090133333333,36588.28942145681,0.0,36588.28942145681,8896.535050334443,9203.7694339703,1613.4538618154147,10800.0,0,0,0.0
MAIN,2025-04-24,52521.44363025474,49261.87296122068,3259.570669034056,11674.007510101765,14806.875265547753,1.1368683772161605e-13,5304.634016666667,32267.00608810189,5.547917680814862e-13,32267.00608810189,9203.7694339703,3258.292564675498,1490.6760429393926,10800.0,0,0,1.1368683772161605e-13
MAIN,2025-04-25,26356.866880067915,26065.404221018143,291.4626590497749,12491.161024478894,10090.052097496504,0.0,21663.937644035752,13020.039709917286,0.0,13020.039709917286,3258.292564675498,3289.168489488165,1579.729153111674,10800.0,0,0,0.0
MAIN,2025-04-26,32545.829098752904,32446.22941909461,99.59967965829064,18725.52537406296,10293.447725069009,2.1671553440683058e-13,23943.95813676733,15511.499331920844,6.89638568474038e-13,15511.499331920848,3289.168489488165,8704.977187179265,1280.1483106039284,10800.0,0,0,2.1671553440683058e-13
MAIN,2025-04-27,56962.57779758432,55131.6980568417,1830.87974074262,20133.299747675977,16271.381028694364,0.0,2696.3081545267514,33887.4649695174,0.0,33887.4649695174,8704.977187179265,8745.634705982799,1302.8792938942374,10800.0,0,0,0.0
MAIN,2025-04-28,59105.21885331682,58142.72743038436,962.491422932459,17602.235814975276,14280.827819770571,1800.6478814870077,0.0,35195.1544052947,12221.458313265672,47416.61271856038,8745.634705982799,8720.060473048798,1200.0,10800.0,5,1,8.242295734817162e-13
MAIN,2025-04-29,62316.183914338384,56714.25420646648,5601.929707871921,17661.690115061276,13987.329541928137,2.842170943040401e-13,5606.679916666666,36738.23281194833,1.0345786449761362e-12,36738.23281194833,8720.060473048798,9074.104307794909,1287.0476559032552,10800.0,0,0,2.842170943040401e-13
MAIN,2025-04-30,58032.33576913503,54240.64306179784,3791.692707337188,18062.629650359573,14954.428455584624,0.0,2875.5874336895586,34731.105735361474,0.0,34731.105735361474,9074.104307794909,8714.439375802278,1272.4289565667189,10800.0,0,0,0.0
MAIN,2025-05-01,49337.538856616935,48187.99957833517,1149.539278281762,12898.012296914152,16699.345801833362,2104.6060217361774,3082.560304990553,30492.42765336313,13539.172768433677,44031.60042179681,8714.439375802278,1767.8217743212886,1200.0,10800.0,10,2,5.684341886080803e-14
MAIN,2025-05-02,28101.215902758333,27996.08590073062,105.13000202770652,13777.205677664926,11021.09260450178,1587.2808389379747,12536.93358317212,13964.676095517316,9450.54761210384,23415.22370762116,1767.8217743212886,1921.6484347733028,1200.0,10800.0,10,1,6.394884621840903e-14
MAIN,2025-05-03,35466.83313508567,35010.94380575901,455.8893293266587,20189.659227460303,10518.445618431704,1206.2116576634933,17678.7702043939,17207.006763073157,6740.828366123309,23947.835129196465,1921.6484347733028,8405.179941230135,1200.0,10800.0,8,1,6.750155989720953e-14
MAIN,2025-05-04,59814.31002574991,56685.5643530893,3128.7456726606097,17150.2628014034,14057.455707805146,1383.903523842292,3241.99345,35459.81967565867,8652.581376068725,44112.40105172739,8405.179941230135,8221.021231598588,1200.0,10800.0,9,1,1.4210854715202006e-13
MAIN,2025-05-05,58416.74091561773,57051.40227100036,1365.3386446173795,20485.025802575943,16866.682539439273,1642.947792136316,0.0,34449.17262385323,10846.479445551133,45295.65206940436,8221.021231598588,7916.786076762195,1200.0,10800.0,8,1,3.979039320256561e-13
MAIN,2025-05-06,60672.32264217273,58868.81313673717,1803.509505435562,20430.26243977451,16451.686587918943,1322.1909596105224,3342.3458778254626,35638.636078734286,8248.365443925311,43887.0015226596,7916.786076762195,8024.370508204869,1200.0,10800.0,9,1,5.684341886080803e-14
MAIN,2025-05-07,66777.14649964147,62636.69753301032,4140.448966631152,20025.22688460089,15701.286898593284,624.042481372124,3868.954078374833,39501.89031572987,4353.320350051935,43855.2106657818,8024.370508204869,8601.200372575351,1200.0,10800.0,1,1,9.094947017729282e-13
MAIN,2025-05-08,58853.726327333214,55504.035381660855,3349.690945672365,13772.177300134725,14888.723871705217,35.99925000000064,830.0688032313462,37742.573048579565,243.22893262500185,37985.80198120457,8601.200372575351,4453.133418579694,1759.9944560815272,10800.0,1,1,6.821210263296962e-13
MAIN,2025-05-09,27706.922091659304,27518.54964314709,188.3724485122165,12817.456839400427,11219.7667714474,1.0658141036401505e-13,17421.47372519406,14723.592910529916,5.441904704639456e-13,14723.592910529916,4453.133418579694,3522.437050209635,1390.9356127769086,10800.0,0,0,1.0658141036401505e-13
MAIN,2025-05-10,37487.54493037362,36757.0679830384,730.4769473352136,18774.24516148225,9469.28603977979,1.0658141036401505e-13,15331.063578002606,19662.084696395723,4.760885019550187e-13,19662.084696395726,3522.437050209635,9897.828762455005,2158.4038026734715,10800.0,0,0,1.0658141036401505e-13
MAIN,2025-05-11,63978.33754229594,60696.76688734694,3281.570654949008,17489.43487004508,15100.602916031472,41.18071666666677,2865.0365666666667,38886.39581218898,277.36103945833304,39163.75685164732,9897.828762455005,8859.872461016159,1274.4473779560071,10800.0,2,1,2.557953848736361e-13
MAIN,2025-05-12,63181.59665879987,58622.47866238133,4559.117996418538,16839.91029306776,13459.260830686431,5.115907697472721e-13,3310.633966666667,38101.754797970665,2.1298944830050457e-12,38101.754797970665,8859.872461016159,9061.057468458892,1379.0414977288751,10800.0,0,0,5.115907697472721e-13
MAIN,2025-05-13,63609.676743065735,58483.27382682963,5126.4029162360985,19180.46879729534,14878.082668145747,0.0,1051.6749310133714,39182.28869621272,0.0,39182.28869621272,9061.057468458892,9792.27642141831,1730.6069979042315,10800.0,0,0,0.0
MAIN,2025-05-14,62730.39434563138,58807.23629293448,3923.158052696896,17314.891293746932,14029.4162705592,2.273736754432321e-13,2507.612486413418,38523.42743412298,1.1085603546234778e-12,38523.42743412298,9792.27642141831,9787.43828516922,2015.9618008988928,10800.0,0,0,2.273736754432321e-13
MAIN,2025-05-15,57043.17730997011,53119.28621106157,3923.891098908542,12079.931799537317,14419.64927180908,3.0553337637684313e-13,2693.9454,36261.12093474688,1.362629120649217e-12,36261.12093474688,9787.43828516922,4637.544380520491,2323.5175442701384,10800.0,0,0,3.0553337637684313e-13
MAIN,2025-05-16,28366.87188331552,27301.69675380818,1065.1751295073364,11654.056612814727,10297.066044558836,0.0,23229.199652218955,15554.843037216237,0.0,15554.843037216237,4637.544380520491,3685.010838099485,2057.0637777777797,10800.0,0,0,0.0
MAIN,2025-05-17,34362.142733325345,34124.64345296558,237.49928035976177,18899.84368212847,10589.217562100795,36.97631591102309,15402.194565515596,17562.26184338599,257.94677979529695,17820.208623181286,3685.010838099485,8929.072860792012,1200.0,10800.0,1,1,4.263256414560601e-14
MAIN,2025-05-18,62454.72548360594,58932.39110732746,3522.334376278478,18462.77835521791,14667.847881918871,2.842170943040401e-13,1461.292534028418,38216.73636176045,6.40596908851876e-13,38216.73636176045,8929.072860792012,9247.964622800497,1833.0013517404411,10800.0,0,0,2.842170943040401e-13
MAIN,2025-05-19,62892.12189440239,56661.0749481178,6231.046946284582,17236.12355318945,13714.668582342789,67.0033333333335,5691.406760604469,38342.71689620154,451.9039816666673,38794.62087786821,9247.964622800497,9521.955173623455,1745.302950539127,10800.0,1,1,1.7053025658242404e-13
MAIN,2025-05-20,59840.6950544666,58282.22592529184,1558.4691291747667,17465.761917841013,14579.650438097098,7.389644451905042e-13,868.719628881254,36583.22807545536,2.7241355837759323e-12,36583.22807545536,9521.955173623455,9041.529301794706,1515.985680184013,10800.0,0,0,7.389644451905042e-13
MAIN,2025-05-21,60971.20774918378,58466.0759316803,2505.1318175034835,16904.413525362455,13632.961680361755,4.547473508864641e-13,3832.008803346263,37168.11701787829,1.9946355678257534e-12,37168.11701787829,9041.529301794706,9107.76627421898,1632.2161174335847,10800.0,0,0,4.547473508864641e-13
MAIN,2025-05-22,54059.83581367812,50476.59734612465,3583.2384675534595,11163.424133000482,14329.606859841037,2.5699999999999363,2828.719256298541,34596.913723816244,17.33336499999957,34614.24708881624,9107.76627421898,3233.0625940960394,1576.4767359280768,10800.0,1,1,0.0
MAIN,2025-05-23,29055.653192678223,28078.470172714377,977.1830199638448,12164.454898909671,9271.353175563205,5.684341886080803e-14,18764.41956603457,16042.564868710417,3.499565082165646e-13,16042.564868710417,3233.0625940960394,3879.5684747111904,2091.7335642457265,10800.0,0,0,5.684341886080803e-14
MAIN,2025-05-24,34902.79917157398,33528.14306163175,1374.656109942222,18697.161078370933,9909.079321763362,0.0,20985.559921690845,18173.349785574843,0.0,18173.349785574843,3879.5684747111904,9696.925309952408,2129.938849521759,10800.0,0,0,0.0
MAIN,2025-05-25,61477.30427979088,55974.34232964181,5502.961950149066,16054.318349978392,13493.262656252948,2.273736754432321e-13,4868.276452583041,37130.96270867524,9.790142030396964e-13,37130.96270867525,9696.925309952408,9153.297762429682,1438.9208721957657,10800.0,0,0,2.273736754432321e-13
MAIN,2025-05-26,62258.85125798314,59244.4314091471,3014.419848836045,18400.295389301347,14519.989559365556,5.684341886080803e-14,784.2926292113134,37893.75486041556,3.808509063674137e-13,37893.75486041556,9153.297762429682,9580.2418801725,1896.103761151366,10800.0,0,0,5.684341886080803e-14
MAIN,2025-05-27,60583.813954652265,55926.63535277637,4657.178601875892,16224.413721029869,13758.1881875341,1.7053025658242404e-13,4070.042519280611,36814.41968275123,6.097025107010267e-13,36814.41968275123,9580.2418801725,8895.338465172608,1468.4142196035789,10800.0,0,0,1.7053025658242404e-13
MAIN,2025-05-28,62265.79996746725,59899.51464660847,2366.28532085878,18631.735648045764,14682.2280536835,3.410605131648481e-13,3676.182952246193,37584.980141912776,1.6135004443640354e-12,37584.980141912776,8895.338465172608,9350.313822098804,1554.645555432001,10800.0,0,0,3.410605131648481e-13
MAIN,2025-05-29,52819.787131239296,51528.882088519385,1290.9050427199063,11695.954731786163,15419.35869892102,17.81743333333344,1159.979988987581,33490.724231935565,119.7776955833339,33610.5019275189,9350.313822098804,2744.052304127441,1480.072142780909,10800.0,1,1,5.684341886080803e-14
MAIN,2025-05-30,28131.399143435945,28131.399143435945,1.2079226507921706e-13,12201.483736084028,9661.07435483612,1.2079226507921706e-13,18994.75649552137,14934.813572350087,5.928164625856881e-13,14934.813572350087,2744.052304127441,2990.860605674042,1815.538074452152,10800.0,0,0,1.2079226507921706e-13
MAIN,2025-05-31,35749.844185088084,34152.56987822952,1597.2743068585628,19232.136122557386,9764.44455138176,0.0,16295.69675705389,18556.24540477375,0.0,18556.24540477375,2990.860605674042,9450.400281107066,1826.8853013485011,10800.0,0,0,0.0
MAIN,2025-06-01,61312.15836768789,61297.7968049864,14.361562701489987,13495.303505345491,12634.701382770863,10787.631617588228,0.0,37214.830919507054,69741.3898118502,106956.22073135726,9450.400281107066,7557.616343950384,1200.0,9858.266325724324,26,2,4.263256414560601e-13
MAIN,2025-06-02,69127.53875021159,67008.39059053674,2119.148159674836,21247.93780832549,17266.312657029983,5614.042010758754,0.0,41141.52373546242,36616.06779812608,77757.59153358848,7557.616343950384,7495.968530298889,1200.0,10670.817574917555,21,2,7.531752999057062e-13
MAIN,2025-06-03,71337.23662293261,70297.84409285728,1039.3925300753272,22495.441958486503,17980.131676676458,2409.833022286092,0.0,43142.29026098629,14101.868522427629,57244.15878341391,7495.968530298889,7763.942207740682,1200.0,10800.0,23,3,4.263256414560601e-13
MAIN,2025-06-04,76260.66365212329,74135.32144411826,2125.342208005026,20956.01730619985,16258.88441184766,252.05118356726047,44.97891666666658,46949.91927834806,1683.1329308900372,48633.05220923809,7763.942207740682,8558.930659045373,1200.0,10800.0,5,3,5.115907697472721e-13
MAIN,2025-06-05,71151.31545907928,69305.07128519479,1846.2441738844748,15894.140881870597,17986.79932278735,90.31412377568796,338.72583322057505,45672.99162772031,608.3780962702343,46281.36972399055,8558.930659045373,2878.3248718540785,1576.9288169740394,10800.0,3,2,4.174438572590589e-13
MAIN,2025-06-06,37299.18461468961,37149.22516561714,149.95944907247775,13536.851414801216,10810.162045761304,892.7490900891029,4460.289486666325,21260.181754743066,6162.196695622621,27422.37845036569,2878.3248718540785,3050.1999832181764,1200.0,10800.0,2,1,1.4921397450962106e-13
MAIN,2025-06-07,37582.46371208014,37122.88561225585,459.5780998242944,19144.303294477748,11232.588201127191,2635.821014428037,720.4783666666632,19524.469144864248,16008.274899853324,35532.74404471757,3050.1999832181764,7799.419391440157,1200.0,10800.0,15,2,5.684341886080803e-14
MAIN,2025-06-08,84788.59402019247,71108.65290319451,13679.941116997954,17068.777387322432,12809.068297671782,2.3575639135448654,1666.3781107907434,52884.40575685688,15.8604619687953,52900.26621882567,7799.419391440157,8929.020931506147,1516.3973666859918,10800.0,2,2,3.836930773104541e-13
MAIN,2025-06-09,83189.43661785965,77012.94485890039,6176.491758959257,22534.696038189075,16569.22262928868,0.0,114.75871666666671,52601.60508324328,0.0,52601.60508324328,8929.020931506147,10800.0,1879.4283353692729,10800.0,0,0,0.0
MAIN,2025-06-10,84702.29822094405,75570.5452787588,9131.752942185243,19267.849274169148,15606.957912077003,3.410605131648481e-13,291.2096833333334,54668.31649233443,9.370353382109896e-13,54668.31649233443,10800.0,10800.0,2582.0762636834797,10800.0,0,0,3.410605131648481e-13
MAIN,2025-06-11,81226.0165883851,78016.6989004073,3209.317687977833,21829.15311655114,19050.67709882732,846.2234339832038,0.0,51112.06326975187,4150.282021193152,55262.34529094502,10800.0,9278.818806199006,1200.0,10800.0,7,2,8.100187187665142e-13
MAIN,2025-06-12,92057.49548610723,77503.89954343374,14553.595942673528,18586.88547894841,14077.135068848022,1.9184653865522705e-13,541.7577000000002,59656.64246764091,8.018972152967764e-13,59656.64246764091,9278.818806199006,10365.754549643663,2742.275351573536,10800.0,0,0,1.9184653865522705e-13
MAIN,2025-06-13,43215.864263743286,37677.58063408817,5538.283629655124,18266.593810301907,14405.120081023848,5.684341886080803e-14,5470.793204810107,26292.990842742274,1.2224177226016764e-13,26292.990842742274,10365.754549643663,10800.0,2609.2687116695915,10800.0,0,0,5.684341886080803e-14
MAIN,2025-06-14,37685.1359054599,35865.14155934975,1819.9943461101457,17324.719603794292,15182.771567938227,0.0,7529.850773493689,22074.593289668577,0.0,22074.593289668577,10800.0,9522.501456816835,1878.276823919616,10800.0,0,0,0.0
MAIN,2025-06-15,82736.71366215356,75176.66056198612,7560.0531001674335,21456.68091118059,16906.18837177885,0.8063107489467143,0.0,51835.11840206903,5.438162846270949,51840.5565649153,9522.501456816835,10048.860530458422,2102.1930842709603,10800.0,1,1,5.684341886080803e-14
MAIN,2025-06-16,80370.8748084245,76329.85357284252,4041.0212355819945,21603.187084647485,17967.386328471643,1.7053025658242404e-13,0.0,50386.9139102455,7.270841706485952e-13,50386.9139102455,10048.860530458422,9527.966319450445,1849.3919447842247,10800.0,0,0,1.7053025658242404e-13
MAIN,2025-06-17,87946.66404729904,79834.72115443427,8111.942892864765,21982.798001850984,16796.937230750045,5.755396159656813e-13,11.849166666666632,56028.12222267426,2.182254377203208e-12,56028.12222267426,9527.966319450445,10649.22093139406,2314.717559534189,10800.0,0,0,5.755396159656813e-13
MAIN,2025-06-18,82867.01622627095,73158.90927390373,9708.10695236722,17434.948164575424,15252.769170041149,39.073037297221845,87.41241666666645,52500.62813725999,263.4583251525082,52764.0864624125,10649.22093139406,9393.15297946622,1691.9565912916712,10800.0,2,2,3.410605131648481e-13
MAIN,2025-06-19,79511.64361818501,72122.05772910421,7389.585889080806,19576.39625204532,16749.619711970096,92.56762763767884,1128.3446166666672,49900.50068452225,623.2885483818536,50523.789232904106,9393.15297946622,8401.221037451347,1539.2259451449393,10800.0,2,1,1.3500311979441906e-13
MAIN,2025-06-20,36017.11956390814,34198.66304640169,1818.456517506458,15355.198744870264,13126.062184905852,1.1368683772161605e-13,9568.94563643728,21492.18194666256,7.075300345604773e-13,21492.18194666256,8401.221037451347,7636.386369050307,2403.030312028474,10800.0,0,0,1.1368683772161605e-13
MAIN,2025-06-21,38014.026993471816,36040.14802630728,1973.8789671645336,19662.94942840564,13811.61446080062,0.0,10854.072658702264,21762.930769458275,0.0,21762.930769458275,7636.386369050307,9986.802564836917,1705.3079478320376,10800.0,0,0,0.0
MAIN,2025-06-22,75611.65149962198,70826.94144126227,4784.710058359706,19304.372832525696,16440.023486128026,22.131871802062545,527.3828666666666,47107.35137548964,148.96489742022248,47256.316272909855,9986.802564836917,9094.045351745564,1437.173232164439,10800.0,3,2,7.200906537718765e-13
MAIN,2025-06-23,77268.56849805938,71606.24191510872,5662.326582950633,21639.66368381687,17546.584435374803,4.547473508864641e-13,451.87666666666667,47919.26554911226,2.195747583755292e-12,47919.26554911228,9094.045351745564,9073.53773898652,1561.961186764562,10800.0,0,0,4.547473508864641e-13
MAIN,2025-06-24,78632.16405092091,77328.12996327835,1304.0340876425555,22280.19426216628,18223.889016959874,2996.967531928049,0.0,49142.44096844531,15526.245795483372,64668.68676392869,9073.53773898652,8876.947000536313,1200.0,10800.0,12,2,1.5365486660812169e-12
MAIN,2025-06-25,83151.93750859183,74704.84979119638,8447.087717395436,20052.56393430259,16151.34362954229,13.078796897252689,379.2869166666668,52073.91806433365,88.05953950920106,52161.97760384284,8876.947000536313,8978.317175250537,1501.1297967526243,10800.0,1,1,3.410605131648481e-13
MAIN,2025-06-26,74492.81098328577,66688.30750717377,7804.503476112002,15285.154398019144,16413.603346389646,40.952405366181125,310.3250275771069,47392.20515823725,276.23232756635576,47668.4374858036,8978.317175250537,4497.619081923719,1512.3492879839118,10800.0,2,2,2.557953848736361e-13
MAIN,2025-06-27,33959.55475396714,33273.787543362865,685.7672106042713,12976.920974403984,10538.48731318926,0.0,11063.70801548148,19572.311048244483,0.0,19572.311048244483,4497.619081923719,4467.41761089924,1748.4330518129564,10800.0,0,0,0.0
MAIN,2025-06-28,39820.444998694526,39035.3244571846,785.1205415099303,18571.467301381985,10753.07929885681,1.1368683772161605e-13,9440.010337992757,21784.229090931585,5.333617991709617e-13,21784.229090931585,4467.41761089924,9233.872294524346,1790.13703936408,10800.0,0,0,1.1368683772161605e-13
MAIN,2025-06-29,78303.86790100083,72883.18410452447,5420.683796476355,19699.13123390342,16083.71566271228,7.958078640513122e-13,0.0,48729.725051608686,2.4284929622808706e-12,48729.725051608686,9233.872294524346,9092.295224245998,1470.650847441466,10800.0,0,0,7.958078640513122e-13
MAIN,2025-06-30,78291.85384229227,73906.36154071777,4385.49230157451,20810.678220377307,16817.699899601495,61.65488005804021,97.35411666666688,48823.35817920185,415.2419009111312,49238.600080112985,9092.295224245998,9135.572400806132,1707.8815997098015,10800.0,2,2,6.465938895416913e-13
MAIN,2025-07-01,79647.15237795807,78209.606660043,1437.54571791507,21132.143752550328,18629.83537458707,3159.245751253593,0.0,49593.39643420739,18628.30515239349,68221.70158660087,9135.572400806132,7454.684695226912,1200.0,10800.0,24,3,9.379164112033322e-13
MAIN,2025-07-02,82376.15989804035,76438.105909045,5938.053988995355,20823.09905444067,16565.755934384353,1717.862844344644,993.8592666666672,51015.61188193634,11212.443886421122,62228.055768357466,7454.684695226912,7789.078361574227,1200.0,10800.0,16,2,7.176481631177012e-13
MAIN,2025-07-03,72226.95504839157,72139.3063040248,87.6487443667614,15545.272135026273,17543.436810815787,5622.947953519019,0.0,45934.62614279168,33544.89522235463,79479.52136514633,7789.078361574227,2287.1157155247715,1200.0,10192.86503340873,30,3,5.115907697472721e-13
MAIN,2025-07-04,38310.89049027154,37854.77583896642,456.1146513051259,13946.67736597927,11258.895611372074,3474.8629156407824,9760.989533333335,22197.315873259693,16088.935679201131,38286.25155246082,2287.1157155247715,2329.2413322704792,1200.0,10800.0,32,4,1.1368683772161605e-13
MAIN,2025-07-05,41420.19993087086,41420.19993087086,2.2026824808563106e-13,18968.476718663613,10502.5159838172,6199.530737308882,10363.689966666663,22151.30379958283,31557.826889394928,53709.13068897776,2329.2413322704792,7731.408174826397,1200.0,10800.0,40,3,1.4210854715202006e-13
MAIN,2025-07-06,74008.65501962116,73560.6982247739,447.9567948472452,19503.69655148306,16124.610721900674,9612.36915480847,0.0,45588.03318265725,60918.547353042486,106506.58053569972,7731.408174826397,7368.500935715962,1200.0,9797.096672293004,29,4,7.389644451905042e-13
MAIN,2025-07-07,81085.82232475458,76516.40196108789,4569.420363666704,22202.35908773416,17456.893241675927,1872.503162812854,233.95651117584032,50293.04073632496,11248.26886324348,61541.30959956844,7368.500935715962,7954.076068370113,1200.0,10800.0,20,4,3.1263880373444413e-13
MAIN,2025-07-08,91486.93847404532,83036.91476075852,8450.0237132868,22307.796071390017,16415.864108636455,25.764509457575212,1599.3602907958666,57954.55926245405,173.47244217785268,58128.0317046319,7954.076068370113,9791.243523025068,1844.0818087286143,10800.0,1,1,4.973799150320701e-13
MAIN,2025-07-09,97346.66875689173,80018.6480095222,17328.02074736949,17880.03507146371,13574.94757860816,2.842170943040401e-13,1654.8355,62948.67724322311,1.1536940291989594e-12,62948.67724322311,9791.243523025068,10800.0,2954.4448756205625,10800.0,0,0,2.842170943040401e-13
MAIN,2025-07-10,90971.5397597254,74219.31397782131,16752.225781904082,12681.503617239094,13846.474106436362,2.273736754432321e-13,2530.661083685241,60404.88359679394,1.2096847967768553e-12,60404.88359679394,10800.0,6828.382026141447,2527.8927583880445,10800.0,0,0,2.273736754432321e-13
MAIN,2025-07-11,52540.272838427554,47936.0294495149,4604.243388912648,13832.51248474063,10709.492196211037,2.273736754432321e-13,12294.23201098531,33015.83388531006,7.169944638008019e-13,33015.83388531006,6828.382026141447,7378.207488840193,3014.646973725209,10800.0,0,0,2.273736754432321e-13
MAIN,2025-07-12,52395.877129363005,49673.65274694716,2722.224382415845,17787.538018029372,11762.589501062306,1.1368683772161605e-13,12564.46089664676,31214.66262664964,2.463025339238812e-13,31214.66262664964,7378.207488840193,10317.44781499739,2114.1761481481467,10800.0,0,0,1.1368683772161605e-13
MAIN,2025-07-13,93331.75158202418,77391.01050753058,15940.741074493611,16769.900314857052,13507.047282988511,2.7459451717941192,4863.183020833826,60141.70319657317,18.45961641738534,60160.16281299056,10317.44781499739,10402.52778393706,2233.2754633461027,10800.0,1,1,2.273736754432321e-13
MAIN,2025-07-14,95589.0161432976,77987.8964564369,17601.1196868607,15929.352474793164,12545.050510125817,2.273736754432321e-13,2795.91527510288,61634.41054219323,1.225828327733325e-12,61634.41054219323,10402.52778393706,10800.0,2527.9434806165177,10800.0,0,0,2.273736754432321e-13
MAIN,2025-07-15,89403.77588597994,76423.04958063277,12980.726305347174,16009.56349455845,12967.746430592344,3.410605131648481e-13,632.1819333333333,57828.05861786973,1.4738645859324606e-12,57828.05861786973,10800.0,10800.0,2597.35489782255,10800.0,0,0,3.410605131648481e-13
MAIN,2025-07-16,85129.07848644078,76075.31664581006,9053.761840630708,17742.97804058978,15166.742444292417,3.951073299059885,1368.4687394784237,54135.26645953413,26.69542674509777,54161.96188627924,10800.0,9916.74418731701,1857.470482377273,10800.0,1,1,1.1368683772161605e-13
MAIN,2025-07-17,77317.47511353326,72181.85010925644,5135.625004276828,15705.50996550235,17508.286850119945,14.251476530165917,1278.4624037375384,49890.15213934808,96.29010117606502,49986.44224052415,9916.74418731701,4598.051100580298,1566.2036545940282,10800.0,1,1,5.115907697472721e-13
MAIN,2025-07-18,44410.292786545695,42904.24872055017,1506.0440659955289,13239.582238554736,10527.009596548714,2.415845301584341e-13,8917.427978544145,26732.715079682817,6.577849376299128e-13,26732.715079682817,4598.051100580298,4816.997785780989,1743.6244240826024,10800.0,0,0,2.415845301584341e-13
MAIN,2025-07-19,48657.25568792781,47503.12648598736,1154.1292019404646,18307.7791765412,10921.292033643436,8.526512829121202e-14,12933.820293089591,28286.630815906115,3.8149039482959777e-13,28286.630815906115,4816.997785780989,9159.23011839758,1617.6168897588557,10800.0,0,0,8.526512829121202e-14
MAIN,2025-07-20,85945.39920386535,77860.99889508692,8084.400308778434,19263.095726479307,14836.788864725726,5.684341886080803e-14,1344.7138166666664,54747.35147184833,2.0666846012318278e-13,54747.35147184833,9159.23011839758,10010.6953114226,2139.181206284444,10800.0,0,0,5.684341886080803e-14
MAIN,2025-07-21,86055.24728013016,78788.75905977203,7266.488220358145,19200.142807707227,15388.7466479352,2.842170943040401e-13,987.6135500000004,54848.798175265416,1.1583551895455457e-12,54848.798175265416,10010.6953114226,10192.216451764436,2210.5077574332463,10800.0,0,0,2.842170943040401e-13
MAIN,2025-07-22,87629.87404770224,77884.0051343469,9745.868913355338,18540.367002733277,15319.046174973751,13.28934366890934,880.8290335896235,56084.19693778253,89.58346567211768,56173.78040345466,10192.216451764436,9857.384337586884,1916.9734302180937,10800.0,1,1,5.684341886080803e-14
MAIN,2025-07-23,84520.92714200135,78898.57522008858,5622.351921912777,20307.88511431848,16995.604560368658,0.3816207898680659,1370.1291702619562,53552.685001980026,2.574032227659485,53555.25903420768,9857.384337586884,9250.475873397225,1660.437057561697,10800.0,1,1,2.273736754432321e-13
MAIN,2025-07-24,80488.15911732175,73466.88668796179,7021.272429359974,14173.390300650562,15305.747446022116,5.861977570020828e-13,982.7718333333336,52158.95168003575,2.5214355048319703e-12,52158.95168003575,9250.475873397225,5000.141092847046,1817.994269881162,10800.0,0,0,5.861977570020828e-13
MAIN,2025-07-25,42794.61921271177,40620.81083356719,2173.808379144577,12607.835686646526,11033.441826121563,0.0,12541.09740637556,26065.608973435985,0.0,26065.608973435985,5000.141092847046,4087.813404027185,1825.242299946412,10800.0,0,0,0.0
MAIN,2025-07-26,50161.3770751776,48231.94175676634,1929.4353184112588,19266.37535067134,10420.721478911615,5.684341886080803e-14,10917.196318339951,29274.60879133704,3.6610003917303403e-13,29274.60879133704,4087.813404027185,9848.971798618484,1893.5828497972984,10800.0,0,0,5.684341886080803e-14
MAIN,2025-07-27,80515.53234233147,77453.57119083367,3061.961151497786,21972.598201114797,18166.601257414342,315.6472910351447,278.0317381683755,50721.9468178508,1584.597758163238,52306.54457601403,9848.971798618484,9439.197671383628,1200.0,10800.0,4,2,7.389644451905042e-13
MAIN,2025-07-28,84959.82380566953,81956.03090241874,3003.7929032507927,20830.92642709618,16979.228974883197,9.663381206337365e-13,149.4562168724262,53850.4965255688,3.505988388496917e-12,53850.49652556881,9439.197671383628,9321.221483677751,1777.589413550024,10800.0,0,0,9.663381206337365e-13
MAIN,2025-07-29,89361.47034477946,80712.65014431096,8648.82020046851,19257.614714726013,15243.707310737813,28.89386330778285,658.3906536305323,56925.06120227808,194.5423816513018,57119.60358392939,9321.221483677751,9715.622159444703,1821.3842965801923,10800.0,1,1,5.684341886080803e-14
MAIN,2025-07-30,86517.35593917644,79704.3176846751,6813.03825450133,19246.301981326666,15526.175146651549,1.4210854715202006e-13,1880.9368,54956.60692916935,5.323244067767519e-13,54956.60692916935,9715.622159444703,9785.988224136978,1964.180805132744,10800.0,0,0,1.4210854715202006e-13
MAIN,2025-07-31,80410.76209124636,73411.59084751277,6999.171243733585,14200.744442600051,16327.19434508728,2.842170943040401e-13,843.0444833333336,52270.73181226462,1.408324123985949e-12,52270.73181226462,9785.988224136978,4425.331172380045,1476.8797349021436,10800.0,0,0,2.842170943040401e-13
MAIN,2025-08-01,43567.18145927533,41899.86348211154,1667.3179771637874,12548.458096621584,9860.92328230607,0.0,17960.969001129357,26135.81653304876,0.0,26135.81653304876,4425.331172380045,4762.362034554951,1680.453500910694,10800.0,0,0,0.0
MAIN,2025-08-02,47802.89958901591,46511.82584968244,1291.0737393334648,19062.18708679492,10828.59810127275,2.842170943040401e-13,17351.21193082694,27733.61011047785,7.030394044704735e-13,27733.61011047785,4762.362034554951,9886.554744589546,1917.196696893436,10800.0,0,0,2.842170943040401e-13
MAIN,2025-08-03,81416.05103987212,71004.0359292815,10412.015110590622,16980.3772562718,14494.152013933612,43.86251305668958,5722.193216666667,51322.95966319001,295.58087219074594,51618.54053538076,9886.554744589546,9064.28092641904,1459.3974383002042,10800.0,3,1,5.684341886080803e-14
MAIN,2025-08-04,79836.23266515623,72861.21590674353,6975.016758412697,18731.72229875439,14835.6372536118,33.921590076266966,3583.397368343866,49960.77703792689,228.3940659835049,50189.1711039104,9064.28092641904,9438.789602395991,1692.0091318514822,10800.0,1,1,3.410605131648481e-13
MAIN,2025-08-05,80696.4003323256,72837.29943965038,7859.100892675213,18280.54672648852,14768.035870171476,2.557953848736361e-13,4172.47885,50734.28327358197,1.4754704125152784e-12,50734.28327358197,9438.789602395991,9482.352911600685,1917.724544350665,10800.0,0,0,2.557953848736361e-13
MAIN,2025-08-06,78746.77599479526,73485.78429925919,5260.991695536082,18443.36645332276,15740.277060113487,4.831690603168681e-13,2668.295639383249,49517.532567268514,2.004497900998104e-12,49517.532567268514,9482.352911600685,8592.185986131733,1270.040215920822,10800.0,0,0,4.831690603168681e-13
MAIN,2025-08-07,74935.35849606879,65903.45824944566,9031.900246623134,13202.914782703569,15129.49752230592,0.0,4442.055739048001,48885.84110728439,0.0,48885.84110728439,8592.185986131733,3664.2564880028167,1806.4545562526696,10800.0,0,0,0.0
MAIN,2025-08-08,41622.44292893066,40567.044484810496,1055.3984441201678,13350.311665437415,10444.255219628374,5.684341886080803e-14,21885.816789001456,24777.63455614315,2.689262146304827e-13,24777.63455614315,3664.2564880028167,4074.808965087186,1851.4720683775888,10800.0,0,0,5.684341886080803e-14
MAIN,2025-08-09,46678.61596667214,45865.16418707381,813.4517795983302,18751.432248959118,10421.88365799921,1.9895196601282805e-13,18613.686596113905,26791.02415782434,6.519371709146071e-13,26791.02415782434,4074.808965087186,9371.227258040157,1922.5647226466183,10800.0,0,0,1.9895196601282805e-13
MAIN,2025-08-10,76718.817264687,71313.58571988708,5405.231544799896,17983.81794740131,14154.908610847551,3.979039320256561e-13,2180.0573333333336,48808.846025869454,1.6839010186231462e-12,48808.846025869454,9371.227258040157,9828.987176426284,2018.3239790941448,10800.0,0,0,3.979039320256561e-13
MAIN,2025-08-11,76969.76392430963,70900.00695569406,6069.756968615572,18796.75480611321,15836.688710906732,73.637366879665,3452.324894033914,48745.08965217755,496.0958006153343,49241.18545279288,9828.987176426284,9149.745712031803,1392.9661111723333,10800.0,4,1,8.526512829121202e-14
MAIN,2025-08-12,77005.97514455169,73338.48616667584,3667.48897787586,18566.99391981065,15177.254605689564,92.0172085563586,2280.220411111116,48429.38301468887,604.1333173892292,49033.516332078085,9149.745712031803,8996.42401131744,1200.0,10800.0,3,2,4.831690603168681e-13
MAIN,2025-08-13,78202.49616684619,72037.39245814564,6165.103708700548,18853.1532491724,14800.68845201345,77.12893038881336,1941.077141375504,49466.421556598754,519.6080130272147,49986.02956962596,8996.42401131744,9519.052544446542,1624.224159963544,10800.0,3,2,8.526512829121202e-14
MAIN,2025-08-14,70630.83345127094,66591.49741312042,4039.336038150519,14521.549690336333,16563.198177521543,71.06047729790816,2777.9153942702064,45632.99131109554,489.3042872140208,46122.29559830956,9519.052544446542,4184.89373516975,1485.2364446857646,10800.0,3,2,4.547473508864641e-13
MAIN,2025-08-15,41380.51045673858,40343.12609842647,1037.3843583121152,13297.902844256358,10694.192133177,5.684341886080803e-14,20579.68850401377,24630.565117359933,1.2224177226016764e-13,24630.565117359933,4184.89373516975,4270.57059147048,1880.2303333333348,10800.0,0,0,5.684341886080803e-14
MAIN,2025-08-16,46478.4141174153,45485.87237267303,992.5417447422656,19041.509951818556,10854.815284612294,5.684341886080803e-14,20369.897338800107,26612.796338000622,3.570050921553048e-13,26612.796338000622,4270.57059147048,9347.02367631574,1468.769282016981,10800.0,0,0,5.684341886080803e-14
MAIN,2025-08-17,73471.19479857065,70073.42810433284,3397.766694237811,18884.512393885325,15295.391781328664,69.07087489049093,3387.98475,46952.84120474188,465.1815848859743,47418.02278962785,9347.02367631574,9348.20507378068,1585.8666531010308,10800.0,3,1,1.1368683772161605e-13
MAIN,2025-08-18,75972.22893200125,70603.91707544799,5368.311856553271,19500.42982109688,15820.699887755674,91.1357101695382,2621.2072356096483,48067.44422502316,619.3146089652518,48686.75883398842,9348.20507378068,9320.036481928242,1701.7531668964853,10800.0,4,3,1.7053025658242404e-13
MAIN,2025-08-19,76452.22708534384,71511.08268035616,4941.14440498767,18015.626689315613,14741.755609128744,61.93625049488068,3981.48780066418,48608.57665075801,418.0059230817832,49026.58257383979,9320.036481928242,9154.372047724795,1710.0096886112372,10800.0,3,2,1.9895196601282805e-13
MAIN,2025-08-20,76550.87241576661,74207.13056163205,2343.7418541345496,21567.64375077672,17469.079081006203,542.1251748051261,0.0,48694.82267820364,2888.941968291092,51583.764646494725,9154.372047724795,9155.163555639174,1200.0,10800.0,8,2,4.831690603168681e-13
MAIN,2025-08-21,74969.69411488915,67140.4797758548,7829.214339034341,11807.757619416909,13615.500924528871,3.410605131648481e-13,3103.8045976334315,48876.76808683465,1.2408776228767236e-12,48876.76808683465,9155.163555639174,4653.81105252676,1725.7490746139686,10800.0,0,0,3.410605131648481e-13
MAIN,2025-08-22,40879.41698344636,40873.54564063673,5.871342809635081,13355.315187433309,11236.852376156186,1.4210854715202006e-13,17524.513429359602,24388.016409627868,7.222951126095722e-13,24388.016409627868,4653.81105252676,4188.203192154305,1473.6405606128433,10800.0,0,0,1.4210854715202006e-13
MAIN,2025-08-23,48203.09378180822,46691.54844607046,1511.545335737756,18504.49190740276,10122.090036475396,1.1368683772161605e-13,15779.140425143094,28047.684900764554,7.322000783460682e-13,28047.684900764554,4188.203192154305,9595.479201621902,1950.1171877428776,10800.0,0,0,1.1368683772161605e-13
MAIN,2025-08-24,78842.84625447045,71842.57145037016,7000.274804100291,19094.36621046407,15384.331871205024,5.684341886080803e-14,4398.9476277777785,50062.26077816405,2.077058525173925e-13,50062.26077816405,9595.479201621902,9686.70671192287,2120.749143972781,10800.0,0,0,5.684341886080803e-14
MAIN,2025-08-25,76196.44591383613,74341.54454316458,1854.9013706715416,19964.95344476364,16351.5492502224,44.94666804330882,0.0,48838.74870868696,303.0945393263465,49141.843248013305,9686.70671192287,9486.776756407478,1764.9090238435488,10800.0,2,1,4.547473508864641e-13
MAIN,2025-08-26,81659.11501134522,72110.02216439796,9549.092846947264,19314.82513253606,15332.049079694716,5.643109216662225,2604.0708374399355,51903.24517916715,39.366329895435584,51942.61150906258,9486.776756407478,9834.509287140248,1917.7562925765385,10800.0,1,1,2.8421709430404014e-14
MAIN,2025-08-27,77802.08428536839,73708.85134994125,4093.232935427126,20166.558234256267,16776.29567734069,9.061473640984929,2413.5014,49647.943376912925,61.01090202475095,49708.95427893768,9834.509287140248,9344.083167592344,1664.155207091432,10800.0,1,1,1.4210854715202006e-13
MAIN,2025-08-28,76730.37755405456,70655.07786222093,6075.299691833643,14270.807666066436,15763.27152849944,44.71194567792296,1424.4586869985137,50337.59870775131,301.12649207025873,50638.72519982157,9344.083167592344,4673.063924274983,1872.586985774206,10800.0,2,2,1.4210854715202006e-13
MAIN,2025-08-29,42601.671013912215,41547.78666649949,1053.8843474127275,13978.9733731636,11233.824389834206,1.1368683772161605e-13,16247.417333170097,25805.92762877344,2.110596142301802e-13,25805.92762877344,4673.063924274983,4772.112860306444,1887.122351851852,10800.0,0,0,1.1368683772161605e-13
MAIN,2025-08-30,48361.85980569657,47344.54935899551,1017.3104467010654,17948.054956835487,10223.623648643135,0.0,21107.39821746983,28072.577195112102,0.0,28072.577195112102,4772.112860306444,9565.780489632678,1830.4652360402656,10800.0,0,0,0.0
MAIN,2025-08-31,75631.95568654167,71554.0272016351,4077.9284849065775,19781.518571493965,16068.301441771397,40.62343144257926,1234.8104200217651,48472.85596901338,273.7347271878416,48746.59069620122,9565.780489632678,9515.478935342362,1487.2409583993551,10800.0,3,2,5.684341886080803e-14
MAIN,2025-09-01,82786.88574649651,63051.73891127414,19735.146835222367,16297.646493359727,12045.02470142951,5.684341886080803e-14,5224.982586010583,52831.9502026705,1.9608137336035722e-13,52831.9502026705,9515.478935342362,10800.0,3773.220146559803,10800.0,0,0,5.684341886080803e-14
MAIN,2025-09-02,74673.15156427021,60675.30639676062,13997.845167509591,17928.49770224889,14522.0831388216,0.0,3211.1359833333336,47931.16310356111,0.0,47931.16310356111,10800.0,10800.0,2380.437285084361,10800.0,0,0,0.0
MAIN,2025-09-03,76515.33897784437,63320.12895760988,13195.210020234495,15227.886684811803,12334.588214697556,1.1368683772161605e-13,4879.113237495632,48948.82203393073,3.6516212276183066e-13,48948.82203393073,10800.0,10800.0,3378.12630630427,10800.0,0,0,1.1368683772161605e-13
MAIN,2025-09-04,72933.29028655433,59918.33907644479,13014.95121010954,15178.586850248306,13903.343273803515,1.1368683772161605e-13,4717.52995,47970.35067694659,7.686935532547069e-13,47970.35067694659,10800.0,9012.568972108464,3013.6884444444468,10800.0,0,0,1.1368683772161605e-13
MAIN,2025-09-05,38108.37788899796,33277.328381693835,4831.0495073041175,13681.936590852962,12143.63340899758,0.0,24914.76353317179,23897.29046552691,0.0,23897.29046552691,9012.568972108464,7833.38589387882,3381.6232962962954,10800.0,0,0,0.0
MAIN,2025-09-06,44817.57562665124,38220.927861626646,6596.647765024598,17471.521877630737,11481.98002537184,0.0,24510.302309367748,26664.546457596414,0.0,26664.546457596414,7833.38589387882,10800.0,3725.95648148148,10800.0,0,0,0.0
MAIN,2025-09-07,75291.75004281322,62066.70629744379,13225.043745369412,16250.9457434716,13163.266052212,2.8421709430404014e-14,4018.042989517534,48758.6182071317,7.140954494389006e-14,48758.6182071317,10800.0,10800.0,3318.5602368318346,10800.0,0,0,2.8421709430404014e-14
MAIN,2025-09-08,63392.15779749081,61335.65062571873,2056.507171772084,17149.57974596319,15861.54455722656,913.2038569473935,1565.2497605961564,39413.28890684557,6336.291557805781,45749.58046465134,10800.0,8610.683374448472,1200.0,10800.0,2,1,6.608047442568933e-13
MAIN,2025-09-09,68657.32568207226,62761.9551823822,5895.370499690065,19672.60221759409,15386.628342694868,0.0,5373.147040816311,42624.40575181584,0.0,42624.40575181584,8610.683374448472,9219.771656177743,1659.407101151758,10800.0,0,0,0.0
MAIN,2025-09-10,63922.85531134036,63397.96127964364,524.8940316967303,20256.7290866318,16891.210530179796,1283.5559268083682,0.0,39971.40198488068,8267.097022364902,48238.499007245584,9219.771656177743,8682.816133946599,1200.0,10777.641868600274,6,2,3.694822225952521e-13
MAIN,2025-09-11,63396.61952187328,58247.1048972289,5149.51462464439,14620.656750595248,15672.365202835816,1.7053025658242404e-13,5802.727566136133,40254.245665481845,7.381117939075919e-13,40254.245665481845,8682.816133946599,4427.668095220309,1560.4329811635205,10800.0,0,0,1.7053025658242404e-13
MAIN,2025-09-12,32919.63046368005,32313.36766662652,606.2627970535398,14722.837952059695,11253.818101985462,0.0,17292.691616552278,18509.14606062788,0.0,18509.14606062788,4427.668095220309,5173.979916534635,1398.3269848970492,10800.0,0,0,0.0
MAIN,2025-09-13,37967.26034178691,37667.49857058704,299.7617711998744,18744.044633757298,11112.188278938733,9.947598300641405e-14,22028.540732435133,20709.02946193377,4.526086172518262e-13,20709.02946193377,5173.979916534635,9696.744221428724,2024.6935600297843,10800.0,0,0,9.947598300641405e-14
MAIN,2025-09-14,67480.71258192511,65058.67618044429,2422.03640148081,19043.434571044672,15716.605755876722,5.684341886080803e-14,1632.5226152763485,42616.56963529049,1.253681602975121e-13,42616.56963529049,9696.744221428724,9372.94005106146,1861.085486899332,10800.0,0,0,5.684341886080803e-14
MAIN,2025-09-15,68537.80352982768,62915.01667786823,5622.786851959449,20109.99008588313,16520.649656801426,1.1717666666669402,4259.817382119852,42461.36700382336,7.893606150000727,42469.26060997336,9372.94005106146,9115.653731910252,1321.7231388793004,10800.0,1,1,3.410605131648481e-13
MAIN,2025-09-16,66913.14512140915,65071.99706561486,1841.1480557942937,20027.2260794705,16556.001515650314,8.238266666666789,2117.240785128012,41752.0258388496,55.38174766666731,41807.40758651627,9115.653731910252,8744.59996382224,1402.9230283338086,10800.0,1,1,5.684341886080803e-14
MAIN,2025-09-17,66796.05777648102,64166.28062960106,2629.7771468799638,21578.73248028729,17316.300208792418,255.37937893380217,199.10933703998717,41246.51964654325,1262.4487788139784,42508.968425357234,8744.59996382224,8925.125630755889,1200.0,10800.0,5,2,3.694822225952521e-13
MAIN,2025-09-18,61908.744406902406,59903.76360322567,2004.9808036767308,16410.842138361062,17047.247757828045,111.33365243686266,1695.4517584628538,39261.85228342122,590.2434900278432,39852.095773449066,8925.125630755889,4753.497157694133,1200.0,10800.0,5,2,4.263256414560601e-14
MAIN,2025-09-19,32501.587303872635,32422.828444968545,78.75885890408838,15357.138162607896,12131.745849390269,1.7053025658242404e-13,13096.08381508425,18019.91261212514,8.511591431670242e-13,18019.91261212514,4753.497157694133,5095.203893607615,1354.196098575822,10800.0,0,0,1.7053025658242404e-13
MAIN,2025-09-20,38126.36268533999,37261.13680684548,865.2258784945122,19671.33083154332,12001.93770698385,5.684341886080803e-14,13946.309948952676,20885.05601896529,2.4985524760268164e-13,20885.05601896529,5095.203893607615,9463.915300903438,1556.1743240574071,10800.0,0,0,5.684341886080803e-14
MAIN,2025-09-21,71223.69059155908,65154.70241485901,6068.988176700063,17459.02097510639,14440.73291024737,1.7053025658242404e-13,3848.926866666667,44725.59932180753,6.526477136503674e-13,44725.59932180753,9463.915300903438,9131.77538933544,1469.085266898141,10800.0,0,0,1.7053025658242404e-13
MAIN,2025-09-22,67183.3420305314,65958.70807051976,1224.6339600116617,20808.76267649784,17314.04798148375,10.90666666666698,1860.880158839001,41711.69378082496,73.52184000000098,41785.215620824965,9131.77538933544,8621.830707645991,1216.3403292980424,10800.0,1,1,4.547473508864641e-13
MAIN,2025-09-23,69879.48424955414,67197.87560027809,2681.6086492760505,21926.116907497657,17342.00202444249,6.025847916407201,503.170981806008,43544.97004323018,40.64133127220725,43585.61137450239,8621.830707645991,9086.44478612445,1485.0964997241604,10800.0,1,1,4.547473508864641e-13
MAIN,2025-09-24,71433.58724731005,67706.56733294475,3727.019914365312,20913.603612288825,16661.070134910864,1.1368683772161605e-13,2390.8087555667785,44690.28333947131,3.5933567232859794e-13,44690.28333947131,9086.44478612445,9396.387887283436,1596.3189412576985,10800.0,0,0,1.1368683772161605e-13
MAIN,2025-09-25,65304.63376990579,62708.942332843326,2595.691437062464,15569.138088478949,15959.73099660733,13.523775434817196,2777.610116406521,41982.56697605843,91.05558000262243,42073.622556061055,9396.387887283436,5675.577726239682,1676.6668153194616,10800.0,1,1,7.389644451905042e-13
MAIN,2025-09-26,35628.63685337492,34370.83516232689,1257.8016910480333,15196.500485824115,11495.363142801198,0.0,12975.454319303974,20079.449637124675,0.0,20079.449637124675,5675.577726239682,6579.802449257838,1966.2721730562575,10800.0,0,0,0.0
MAIN,2025-09-27,37481.80098398733,37036.380989645455,445.4199943418739,19267.01368394011,13437.88330380651,1.8474111129762605e-13,13405.948359511856,20702.697156705137,8.246203719863842e-13,20702.697156705137,6579.802449257838,8989.133316130043,1626.5090056131212,10800.0,0,0,1.8474111129762605e-13
MAIN,2025-09-28,71974.48748554004,67291.27412512421,4683.213360415832,21640.2793698334,17379.94213157881,456.6922797970533,0.0,45049.30468313731,2262.262494192016,47311.56717732933,8989.133316130043,9154.337936114756,1200.0,10800.0,6,2,1.4210854715202006e-13
MAIN,2025-09-29,72639.22210584485,68403.91181665681,4235.310289188031,20398.614568369445,16535.811239683448,19.09828740349991,1800.3151753743064,45498.26951271115,102.33829679799356,45600.60780950914,9154.337936114756,9139.967447998986,1459.5979028494548,10800.0,2,2,2.842170943040401e-13
MAIN,2025-09-30,72147.8080102231,70529.34161602595,1618.466394197152,21966.47639341401,17535.266990310323,8.047655634860746,684.0051018904584,45495.75488848371,54.3739852969357,45550.128873780646,9139.967447998986,9426.166212837908,1452.1455170074903,10800.0,1,1,3.979039320256561e-13
MAIN,2025-10-01,72867.90410702862,61440.61862279818,11427.28548423044,17902.94813382606,13585.421206211624,1.1368683772161605e-13,7461.570161850416,45740.05899905528,4.665139385906514e-13,45740.05899905528,9426.166212837908,10443.907081935116,2339.460508610744,10800.0,0,0,1.1368683772161605e-13
MAIN,2025-10-02,62312.66191832197,56825.42749220944,5487.234426112549,16642.13855672399,15882.770362612237,5.684341886080803e-14,4335.276181431005,40002.67459918253,2.1725554688600826e-13,40002.67459918253,10443.907081935116,7774.309157862,1753.3432632879046,10800.0,0,0,5.684341886080803e-14
MAIN,2025-10-03,31535.80810205421,30472.241364966663,1063.56673708755,16016.64565956669,12724.386859431555,0.0,19362.82886483153,17435.303037437017,0.0,17435.303037437017,7774.309157862,8051.082629881404,2396.674543348377,10800.0,0,0,0.0
MAIN,2025-10-04,35412.060156299805,34091.056622620985,1321.0035336788244,19693.385787807976,13511.890329072818,0.0,14813.578730552492,19395.53237900246,0.0,19395.53237900246,8051.082629881404,10761.918362161006,1717.6009024972432,10800.0,0,0,0.0
MAIN,2025-10-05,68443.40884012489,62218.36312625929,6225.045713865601,18026.102697204784,14599.261984598175,1.1368683772161605e-13,4055.561346986016,43345.27795038627,3.6007463677378843e-13,43345.27795038627,10761.918362161006,10764.008584536234,2562.832793581188,10800.0,0,0,1.1368683772161605e-13
MAIN,2025-10-06,66476.51792095037,63160.66795336549,3315.84996758487,19219.73669914149,15882.268295775992,8.526512829121202e-14,2090.0903,41991.43816087712,3.123830083495705e-13,41991.43816087712,10764.008584536234,10414.806840679134,1825.6816824103116,10800.0,0,0,8.526512829121202e-14
MAIN,2025-10-07,67742.15984379113,63367.70460007685,4374.455243714279,19868.84078276706,16008.45179849909,2.273736754432321e-13,1735.752615808885,42781.06496836271,7.072742391756038e-13,42781.06496836271,10414.806840679134,10509.594880170494,1450.073860784061,10800.0,0,0,2.273736754432321e-13
MAIN,2025-10-08,64229.77238611456,61714.82375439539,2514.948631719187,18480.186467825628,16321.480063430245,0.0,3077.6216833333337,39530.79943257089,0.0,39530.79943257089,10509.594880170494,9006.784852957731,1399.050660264264,10800.0,0,0,0.0
MAIN,2025-10-09,60775.79679844678,58624.27774169945,2151.51905674733,16744.35902060731,16795.36095021871,5.684341886080803e-14,2915.2979879775207,37742.14301511024,1.9608137336035722e-13,37742.14301511024,9006.784852957731,5415.195804594632,1269.0990977931651,10800.0,0,0,5.684341886080803e-14
MAIN,2025-10-10,32399.492997886697,32359.39579284467,40.09720504202622,16382.089785622728,12516.796699973662,7.460698725481053e-14,19150.491790528937,16765.069664056835,3.076134902357808e-13,16765.069664056835,5415.195804594632,6251.524722795465,1576.6749383182234,10800.0,0,0,7.460698725481053e-14
MAIN,2025-10-11,35205.43791980839,34708.812353778514,496.625566029882,18678.506872399936,12779.165274801238,0.0,14703.157172846471,18059.08357166552,0.0,18059.08357166552,6251.524722795465,8863.10838039848,1271.0646657633083,10800.0,0,0,0.0
MAIN,2025-10-12,68135.93830325031,64452.82455776863,3683.113745481678,19541.71424783135,15817.127020130149,17.86471993257277,2231.146066666667,41887.20620609823,83.6783481641708,41970.8845542624,8863.10838039848,8876.065625524307,1360.8104120804278,10800.0,1,1,5.684341886080803e-14
MAIN,2025-10-13,66949.67983083578,63574.43219414617,3375.247636689613,21007.83508039944,16952.310936253274,1.7053025658242404e-13,2491.51275,40876.33370332575,6.754987680324121e-13,40876.33370332575,8876.065625524307,8947.216157602386,1366.541942091827,10800.0,0,0,1.7053025658242404e-13
MAIN,2025-10-14,67036.92376225848,64851.79428632726,2185.129475931212,21369.94715996428,17342.36897427306,430.1944187639396,480.58123606665,40979.14301145911,2126.550031098847,43105.69304255796,8947.216157602386,8910.869741266839,1200.0,10800.0,4,1,5.400124791776761e-13
MAIN,2025-10-15,68145.95796801653,66315.22749240848,1830.7304756080437,20647.919001546237,16732.726752968116,3.410605131648481e-13,480.0115938303609,41977.99607065117,1.0739142908278157e-12,41977.99607065117,8910.869741266839,8902.07822824943,1441.8624057898671,10800.0,0,0,3.410605131648481e-13
MAIN,2025-10-16,64830.252240674185,64109.36849400189,720.8837466722978,18825.30229130076,17921.013137233316,741.8540363296657,980.4604262641052,40415.60717786392,5172.634367650428,45588.24154551436,8902.07822824943,5932.613471271993,1200.0,10800.0,2,1,5.968558980384843e-13
MAIN,2025-10-17,34298.90222847945,33202.41429157373,1096.4879369057153,16093.430663594932,12393.394789227024,0.0,13498.179100539162,18164.393884521643,0.0,18164.393884521643,5932.613471271993,6646.262413810745,1657.8206424064588,10800.0,0,0,0.0
MAIN,2025-10-18,35154.52229587962,34930.78573775172,223.7365581278996,18816.228742875923,12832.125506659417,5.684341886080803e-14,12870.089234868548,18294.237543871444,2.5647750589996574e-13,18294.237543871444,6646.262413810745,9322.95105277751,1835.1155425268569,10800.0,0,0,5.684341886080803e-14
MAIN,2025-10-19,69002.8983606847,67337.02039174337,1665.8779689413295,21794.841186728983,18244.19278753977,482.1795013853513,382.8289606061843,42283.09592503037,3060.647074640904,45343.74299967127,9322.95105277751,8666.982801344951,1200.0,10800.0,5,3,2.273736754432321e-13
MAIN,2025-10-20,71884.12907146013,68320.16619225885,3563.962879201283,21888.635106730533,17606.102660211636,510.4256438909164,107.2770229641969,44276.99895397191,2450.6538821959443,46727.65283616785,8666.982801344951,8804.418108278398,1200.0,10800.0,5,1,2.273736754432321e-13
MAIN,2025-10-21,73026.96797509491,71452.4101225583,1574.5578525366288,21788.42222166286,17380.196332437896,5.115907697472721e-13,581.6028833333328,45069.57723145911,1.4789236502110724e-12,45069.57723145912,8804.418108278398,9102.668849510645,1537.9330711800408,10800.0,0,0,5.115907697472721e-13
MAIN,2025-10-22,73709.28979646531,70536.22606067696,3173.0637357883447,22253.342885063143,18220.218340435127,54.09840061772364,1002.3032166666652,45423.74232839309,260.09319707193345,45683.83552546502,9102.668849510645,8885.990401139548,1200.0,10800.0,2,1,2.842170943040401e-13
MAIN,2025-10-23,69859.02140179201,66124.25792273725,3734.763479054754,18125.225310856425,17050.869604785832,5.684341886080803e-14,1670.4051833333328,43865.65938116479,2.4445512281090484e-13,43865.65938116479,8885.990401139548,6253.282508926073,1378.5052540527236,10800.0,0,0,5.684341886080803e-14
MAIN,2025-10-24,35296.134839422666,34936.95091146727,359.18392795539603,16910.723733895975,12974.012692278136,0.0,12580.189153182757,18849.62867507449,0.0,18849.62867507449,6253.282508926073,7057.364211345636,1883.3452815523588,10800.0,0,0,0.0
MAIN,2025-10-25,35986.86102320912,35321.610972075,665.2500511341246,18404.89102265028,13340.687969697838,0.0,10858.97518578923,18797.185075395493,0.0,18797.185075395493,7057.364211345636,8798.77949873329,1353.7455462486053,10800.0,0,0,0.0
MAIN,2025-10-26,74113.9577371898,70037.7488977571,4076.20883943269,21455.572041094027,17019.072443336918,0.0,1056.9372833333332,45818.46440817774,0.0,45818.46440817774,8798.77949873329,9198.713843121335,1618.9520099567735,10800.0,0,0,0.0
MAIN,2025-10-27,72630.06327868384,68213.76575464882,4416.297524035023,21183.65794168195,17610.764879676448,144.02333381802674,1232.3143597946748,44792.21292976091,959.4513895145542,45751.66431927547,9198.713843121335,8696.489457661257,1200.0,10800.0,2,2,1.7053025658242404e-13
MAIN,2025-10-28,73797.54052705834,70600.68574875663,3196.8547783017057,22172.74917889684,17780.598498295978,1.1368683772161605e-13,236.11336815577187,45570.60720553278,4.345110937720165e-13,45570.60720553278,8696.489457661257,8895.743165006224,1224.198525462432,10800.0,0,0,1.1368683772161605e-13
MAIN,2025-10-29,73491.53430178032,72679.53862832252,811.9956734577936,22462.07132202794,18382.57101551641,712.2184781889989,0.0,45583.56518460274,4871.296974745672,50454.86215934841,8895.743165006224,8686.528448702022,1200.0,10800.0,4,3,7.389644451905042e-13
MAIN,2025-10-30,73594.49783238384,68871.08810129532,4723.40973108853,18830.202587463515,16705.393202834868,3.641833333333466,1962.1029,46049.46156945083,17.058347333334158,46066.51991678416,8686.528448702022,7072.162774269331,1313.3227683234527,10800.0,1,1,2.273736754432321e-13
MAIN,2025-10-31,39751.49378887718,38245.39134229482,1506.102446582363,17122.004344223504,12522.457265134102,0.0,9741.552196538752,21812.731255774816,0.0,21812.731255774816,7072.162774269331,8568.125278365926,2482.522409110258,10800.0,0,0,0.0
MAIN,2025-11-01,35852.626439173866,35107.308474113015,745.3179650608548,18624.693919285768,14230.633723696425,0.0,8169.209845190334,19133.52284772612,0.0,19133.52284772612,8568.125278365926,9518.534557171542,1942.926463310655,10800.0,0,0,0.0
MAIN,2025-11-02,75606.04310410605,72460.59133580918,3145.451768296869,21906.35443640072,18439.455857232075,90.11091002612908,287.4197333333332,47101.568585815134,628.6137083422761,47730.18229415741,9518.534557171542,8745.969264118772,1200.0,10800.0,1,1,1.1368683772161605e-13
MAIN,2025-11-03,76989.1534847134,74447.4973202593,2541.656164454123,21325.921521447315,17010.902034521354,6.821210263296962e-13,627.54755,47938.78631644715,2.579639613031759e-12,47938.78631644716,8745.969264118772,9038.296372842076,1507.1400760108431,10800.0,0,0,6.821210263296962e-13
MAIN,2025-11-04,76547.65752225739,72091.44008566841,4456.217436588992,21874.448635821565,18037.651175137424,112.6769583490767,787.2475499999997,47362.75159108696,704.6349241888797,48067.38651527584,9038.296372842076,8683.465506039905,1200.0,10800.0,4,3,0.0
MAIN,2025-11-05,77091.4529124833,75124.20065823178,1967.252254251519,23190.31793024517,18368.832088680057,5.115907697472721e-13,624.6947500000005,47796.07584869475,2.0127117750234907e-12,47796.07584869476,8683.465506039905,9144.938211393835,1541.53121620273,10800.0,0,0,5.115907697472721e-13
MAIN,2025-11-06,74374.70694737899,72568.82318161838,1805.8837657606116,20918.33313097923,18602.19642472819,1116.8980746326597,0.0,46526.03990213013,5388.8715762100655,51914.91147834019,9144.938211393835,7302.330890688263,1200.0,10800.0,8,1,1.1368683772161605e-13
MAIN,2025-11-07,35504.9448117775,34950.92954437556,554.0152674019378,17965.127050917,14297.390135581025,0.0,7964.730845706252,18876.876758719965,0.0,18876.876758719965,7302.330890688263,7584.956196979099,1544.6623785372267,10800.0,0,0,0.0
MAIN,2025-11-08,36929.76366032673,36608.69932654433,321.06433378239706,18642.27261629869,13706.173969078938,8.171241461241152e-14,7881.393579324578,19311.011706802863,3.4353675459897205e-13,19311.011706802863,7584.956196979099,9133.91936378243,1624.9055304189942,10800.0,0,0,8.171241461241152e-14
MAIN,2025-11-09,77486.23632117176,75825.12565205552,1661.1106691162418,22602.724278491944,18585.65022643643,4.547473508864641e-13,461.2344166666667,48268.508413260126,1.876685473689577e-12,48268.508413260126,9133.91936378243,8825.648740606926,1370.6047141545869,10800.0,0,0,4.547473508864641e-13
MAIN,2025-11-10,79405.74994398485,78000.84161999827,1404.908323986571,23214.345773777623,18923.902395964324,148.0448578150202,0.0,49483.02935140463,941.3711331656272,50424.40048457025,8825.648740606926,8692.001719268646,1200.0,10800.0,3,3,4.263256414560601e-13
MAIN,2025-11-11,80573.17664092671,76368.35368055003,4204.822960376674,21944.66172818964,17561.52997568973,0.5138386165344375,426.71609999999976,50431.96305942024,2.250356221112535,50434.21341564135,8692.001719268646,8929.386190539624,1518.7477024745474,10800.0,1,1,1.794120407794253e-13
MAIN,2025-11-12,80381.59027755895,75516.4432043788,4865.147073180142,21893.310841303337,17796.388586924542,8.526512829121202e-14,463.5332000000003,50398.09017653466,3.40634187523392e-13,50398.09017653466,8929.386190539624,8859.600851129802,1296.8330912265048,10800.0,0,0,8.526512829121202e-14
MAIN,2025-11-13,78846.6785334649,75933.58189003123,2913.0966434336838,20826.083163650248,17424.65804945748,72.28312416153517,208.5685833333332,49645.809613965466,501.80757759170575,50147.617191557176,8859.600851129802,8242.344532351148,1200.0,10800.0,2,2,4.547473508864641e-13
MAIN,2025-11-14,35484.72238221402,34965.51519063954,519.2071915744793,17319.569275032834,14281.49538898634,0.0,4328.986004593044,19082.768274210608,0.0,19082.768274210608,8242.344532351148,7961.628669895878,1625.976974809335,10800.0,0,0,0.0
MAIN,2025-11-15,37344.20712008442,36424.7715376624,919.4355824220352,18974.598745729654,14290.878028707146,2.8421709430404014e-14,3529.1639039732127,19957.00373279644,1.1446843473095216e-13,19957.00373279644,7961.628669895878,9160.014175822407,1611.3827797771664,10800.0,0,0,2.8421709430404014e-14
MAIN,2025-11-16,82163.64302128201,78742.18314912837,3421.4598721536577,22270.45384964247,18233.01575051411,1.4921397450962106e-13,270.2006666666671,51890.285015336616,4.2654590970414584e-13,51890.285015336616,9160.014175822407,8944.516251040512,1439.7715266977095,10800.0,0,0,1.4921397450962106e-13
MAIN,2025-11-17,82915.33602565512,77280.94399769188,5634.392027963257,21844.03460989205,17528.006295533516,0.0,269.1613500000003,52300.81091052134,0.0,52300.81091052134,8944.516251040512,9128.58484935056,1482.0293112520749,10800.0,0,0,0.0
MAIN,2025-11-18,81380.89927926248,78839.78620553855,2541.1130737239337,21640.12544961206,17734.392860942535,5.204725539442734e-13,43.50178353568447,51322.37865293807,2.0053532168162744e-12,51322.37865293807,9128.58484935056,8899.816797398595,1351.5321428476248,10800.0,0,0,5.204725539442734e-13
MAIN,2025-11-19,81980.72870947207,79530.85356633138,2449.8751431406945,23925.521836718617,19578.901302546907,184.0785678403361,0.0,51398.82137523928,892.1088228203508,52290.93019805962,8899.816797398595,8678.451669837681,1200.0,10800.0,3,2,1.5631940186722204e-13
MAIN,2025-11-20,83150.60660900707,78659.9143988237,4490.692210183355,21677.800595248147,17905.399963091106,3.2329694477084564e-13,94.43773333333333,52688.47380254291,1.3485221828091198e-12,52688.473802542925,8678.451669837681,8293.583357681997,1448.7284854315014,10800.0,0,0,3.2329694477084564e-13
MAIN,2025-11-21,36309.07324956109,35772.3696101807,536.7036393803836,18666.2879166844,14743.74871013408,5.684341886080803e-14,2985.446336963716,19530.595670258663,2.350759586988715e-13,19530.595670258663,8293.583357681997,8711.299471437862,1417.3165530821573,10800.0,0,0,5.684341886080803e-14
MAIN,2025-11-22,37508.56996754425,36834.72124380493,673.8487237393199,18850.765808068943,14940.42786407995,1.7053025658242404e-13,2704.5538164826053,20071.525237388025,7.48457296140259e-13,20071.525237388025,8711.299471437862,9076.513294166634,1593.264665030816,10800.0,0,0,1.7053025658242404e-13
MAIN,2025-11-23,83974.13723619151,79850.52619369629,4123.611042495219,22904.07791711943,18733.07301032448,4.263256414560601e-14,447.4250035680112,53149.21503792082,1.70317093761696e-13,53149.21503792082,9076.513294166634,8875.657852546921,1385.2579285750446,10800.0,0,0,4.263256414560601e-14
MAIN,2025-11-24,83470.11929356362,78435.62354227717,5034.495751286448,21313.19802574629,17483.71481680245,18.839666666666893,463.0362999999999,52615.83763775407,88.24499866666744,52704.08263642074,8875.657852546921,8631.18627927141,1218.7788310925678,10800.0,1,1,3.765876499528531e-13
MAIN,2025-11-25,82688.46179191343,80888.0559798293,1800.405812084125,23884.66364700111,19165.26813383848,1.9184653865522705e-13,0.0,51950.719859262616,8.331042522513598e-13,51950.71985926262,8631.18627927141,8832.641190640765,1386.0979335600982,10800.0,0,0,1.9184653865522705e-13
MAIN,2025-11-26,85681.88681817277,81614.19836180807,4067.688456364716,23350.22010058446,18463.6437887764,32.99316666666694,2.9483333333332675,54222.69885887067,154.53999266666733,54377.23885153735,8832.641190640765,9332.679515859672,1618.3077706506683,10800.0,1,1,2.9842794901924213e-13
MAIN,2025-11-27,82685.97456387791,79104.60933059212,3581.365233285773,21733.556991074056,18486.93026048193,1.8474111129762605e-13,77.08986666666658,52433.499860953256,7.417355618599686e-13,52433.499860953256,9332.679515859672,8351.847185068616,1343.981738467336,10800.0,0,0,1.8474111129762605e-13
MAIN,2025-11-28,38155.43164183136,37097.08366250625,1058.3479793251065,19387.19538512204,15084.459157730926,0.0,1873.108885115141,20489.880628900413,0.0,20489.880628900413,8351.847185068616,9039.812856421866,1377.6023673302266,10800.0,0,0,0.0
MAIN,2025-11-29,38537.94606782355,38365.03873621643,172.9073316071154,18505.175667043462,15069.587030827037,3.5527136788005016e-14,0.0,20553.971014353803,1.3461942671710862e-13,20553.971014353803,9039.812856421866,8950.485366953175,1522.0678482629196,10615.97412189304,0,0,3.5527136788005016e-14
MAIN,2025-11-30,88452.73813273566,84710.68416028158,3742.053972454076,24121.498784273863,19649.57990732562,6.062833333333543,0.0,56040.9466880105,28.398311333334195,56069.34499934383,8950.485366953175,8826.96770910452,1292.5119974640288,10800.0,1,1,1.4210854715202006e-13
MAIN,2025-12-01,87771.74685646596,86662.67220298115,1109.074653484805,24661.641790079488,20162.931880292337,4134.965440139328,0.0,55530.12333427441,20716.912698558703,76247.03603283312,8826.96770910452,8619.187675406793,1200.0,10346.71215280499,15,4,5.968558980384843e-13
MAIN,2025-12-02,88325.67617936552,88165.69097581081,159.98520355470276,24138.67245187322,19505.135051236637,5105.656374825781,0.0,56065.694698799314,26264.26212455573,82329.95682335505,8619.187675406793,8671.620602940879,1200.0,10028.315112853625,17,5,9.663381206337365e-13
MAIN,2025-12-03,91905.20627665712,91303.27840422168,601.9278724354613,25090.1385576746,20353.01908730439,596.5896328152,0.0,58823.86679880026,2926.186557646124,61750.05335644639,8671.620602940879,8638.279652287585,1200.0,10327.293604785158,6,4,6.394884621840903e-13
MAIN,2025-12-04,90494.73704371369,88794.24039661794,1700.4966470957224,25101.75460553461,20032.587042802385,3046.135916114285,0.0,57611.57179252079,14794.458550685822,72406.0303432066,8638.279652287585,8971.428749710527,1200.0,10800.0,13,3,5.115907697472721e-13
MAIN,2025-12-05,42994.52766502158,42860.43187696502,134.09578805655798,19402.881489768344,15993.99539627433,1860.0818998623229,0.0,22976.0964875178,11200.026930125305,34176.1234176431,8971.428749710527,8662.916094641667,1200.0,10333.18507584627,9,2,3.694822225952521e-13
MAIN,2025-12-06,44013.72015060658,43852.34589132042,161.37425928615738,18813.871310382445,15197.521997732398,3428.6342379962857,0.0,23135.117277811045,20858.752129062566,43993.86940687361,8662.916094641667,8709.264720949875,1200.0,10044.656516652232,17,3,1.9895196601282805e-13
MAIN,2025-12-07,91433.90296232504,90714.760965522,719.1419968030538,25057.126955721375,20278.131186097533,1716.9160541018605,0.0,58208.19087133029,9180.999080807844,67389.18995213813,8709.264720949875,8729.422107657409,1200.0,10400.011087677873,9,4,3.1263880373444413e-13
MAIN,2025-12-08,100465.33730042182,92684.08187350824,7781.255426913583,23679.6008201749,18842.730063333336,2.842170943040401e-13,0.0,64462.79194240282,1.3009469057578825e-12,64462.79194240282,8729.422107657409,9104.696108777782,1404.814703703706,10800.0,0,0,2.842170943040401e-13
MAIN,2025-12-09,98228.98146374716,92089.79280638884,6139.188657358318,24491.07761311471,19709.089124250982,80.64994914153786,0.0,63177.35414574661,469.5818739230598,63646.93601966967,9104.696108777782,9247.678044746594,1510.8334447114737,10800.0,2,1,1.4210854715202006e-13
MAIN,2025-12-10,97888.83396257236,92819.49035016184,5069.343612410474,23351.32761338455,18919.45572988935,5.968558980384843e-13,0.0,63039.83478130632,2.8237678861842143e-12,63039.83478130632,9247.678044746594,9242.255419137857,1587.15448263072,10800.0,0,0,5.968558980384843e-13
MAIN,2025-12-11,99314.65512360232,90483.56481369642,8831.090309905896,23227.75284210731,18705.442728410897,3.410605131648481e-13,0.0,64044.75119135295,1.5665762020944385e-12,64044.75119135295,9242.255419137857,9363.407723244538,1713.1953969682504,10800.0,0,0,3.410605131648481e-13
MAIN,2025-12-12,49509.432549720914,47786.717793125936,1722.7147565949738,19889.97917399263,16204.974313923887,4.263256414560601e-13,387.29944972386096,26156.645738531,1.347331135548302e-12,26156.645738531,9363.407723244538,9258.861964366924,1709.2465265526143,10800.0,0,0,4.263256414560601e-13
MAIN,2025-12-13,53125.05685958543,48928.87919444898,4196.177665136454,19762.73810410173,15764.774742986088,9.237055564881302e-14,1132.3824500000003,28183.91162194537,3.36164873715461e-13,28183.91162194537,9258.861964366924,9528.90987696282,1914.316745101616,10800.0,0,0,9.237055564881302e-14
MAIN,2025-12-14,98046.00897540365,92857.41983681236,5188.589138591289,23496.53264916633,19417.83461235398,1.7053025658242404e-13,0.0,63323.25401905672,7.715641459071775e-13,63323.25401905672,9528.90987696282,9100.417469708094,1551.3362408469934,10800.0,0,0,1.7053025658242404e-13
MAIN,2025-12-15,99371.56863832349,94603.20447081608,4768.364167507422,24772.93728111132,19639.290776961905,3.1263880373444413e-13,0.0,63879.93276550568,8.919300853449386e-13,63879.93276550568,9100.417469708094,9574.626826083944,1398.0174381336894,10800.0,0,0,3.1263880373444413e-13
MAIN,2025-12-16,98995.5200622354,93565.68218985404,5429.837872381338,23316.34872779868,19168.757871277976,3.410605131648481e-13,0.0,64019.796541002856,1.6215722098422705e-12,64019.796541002856,9574.626826083944,9260.720824127233,1699.6948254129293,10800.0,0,0,3.410605131648481e-13
MAIN,2025-12-17,97941.10266979349,92373.97201999273,5567.130649800762,23095.537066087825,18913.412112761773,2.273736754432321e-13,0.0,62868.0555941386,1.1212648587388685e-12,62868.0555941386,9260.720824127233,9031.801836093196,1499.6678852637683,10800.0,0,0,2.273736754432321e-13
MAIN,2025-12-18,95347.27272710804,91902.8204457882,3444.452281319859,25165.631801805317,20520.221847966408,108.85647471737852,0.0,61046.08291099839,535.5194273721434,61581.60233837053,9031.801836093196,8880.623959977524,1200.0,10800.0,1,1,2.842170943040401e-13
MAIN,2025-12-19,52174.002509094375,48772.585557404775,3401.416951689598,19523.62103938281,15470.083764694096,1.1368683772161605e-13,1810.6569827160504,27782.97438601632,3.3307401281490455e-13,27782.97438601632,8880.623959977524,9262.90093465084,1712.5067528671689,10800.0,0,0,1.1368683772161605e-13
MAIN,2025-12-20,51092.79612420862,48259.275135879325,2833.520988329291,20230.432902821467,16406.02751971806,0.0,1578.5175027759203,27046.548641603644,0.0,27046.548641603644,9262.90093465084,9241.371080836763,1734.734971498082,10800.0,0,0,0.0
MAIN,2025-12-21,97601.4304399804,93456.93613727394,4144.494302706461,23871.395671132246,19451.14575844421,1.0956420807721656,0.0,63014.2200661336,6.36403702616494,63020.58410315976,9241.371080836763,9113.243008806665,1438.4571179939317,10800.0,1,1,1.7053025658242404e-13
MAIN,2025-12-22,96949.58939997392,93108.68244480935,3840.906955164577,24415.72868133388,20180.258672451542,64.21464740631626,0.0,62048.5548363297,319.4691067972948,62368.02394312699,9113.243008806665,8664.889185949885,1200.0,10800.0,3,2,1.7053025658242404e-13
MAIN,2025-12-23,100139.23708744172,92498.67708778562,7640.559999656117,23988.481264229034,18747.896709776745,1.7053025658242404e-13,0.0,64389.88870717515,9.318910088040865e-13,64389.88870717515,8664.889185949885,9423.525979559638,1644.5309065963384,10800.0,0,0,1.7053025658242404e-13
MAIN,2025-12-24,96451.98989746685,91938.3301877953,4513.659709671524,24102.73060987113,19995.63047646081,23.32926228168077,0.0,61879.62559413149,135.50801996314215,62015.13361409462,9423.525979559638,8898.616332376085,1284.4683722389263,10800.0,1,1,3.979039320256561e-13
MAIN,2025-12-25,98371.38404634091,92264.06845750242,6107.315588838497,23563.73663270389,19112.11670853481,5.115907697472721e-13,0.0,63257.428399325,1.5508874184888557e-12,63257.42839932501,8898.616332376085,8870.294070104246,1320.1998369683297,10800.0,0,0,5.115907697472721e-13
MAIN,2025-12-26,50761.31748399775,48757.11758901246,2004.1998949852853,21244.71014233732,16517.657277258004,1.2789769243681806e-13,1022.442290599818,26741.385444346102,4.548894594336162e-13,26741.385444346102,8870.294070104246,9637.580667921164,1571.1735049330057,10800.0,0,0,1.2789769243681806e-13
MAIN,2025-12-27,51817.43276379697,48179.30458109116,3638.128182705819,19165.952782252247,15830.086234494423,1.4210854715202006e-13,1504.6289666666664,27497.141007777165,3.8949110603425654e-13,27497.14100777717,9637.580667921164,9297.95346695438,1631.232009873802,10800.0,0,0,1.4210854715202006e-13
MAIN,2025-12-28,96788.28439342232,90906.05286482132,5882.231528601011,23000.267081299386,18801.88715160388,101.58181487417784,0.0,62261.89818859695,588.6489774219076,62850.547166018856,9297.95346695438,9107.208116119513,1556.934244349059,10800.0,3,1,1.7053025658242404e-13
MAIN,2025-12-29,97227.01316576551,91916.28547050478,5310.727695260732,23050.32491800262,18657.8057141645,6.252776074688883e-13,0.0,62450.932545890246,2.69719180323591e-12,62450.932545890246,9107.208116119513,9121.605304361312,1542.031569432162,10800.0,0,0,6.252776074688883e-13
MAIN,2025-12-30,95787.50099794316,90349.7060002931,5437.794997650051,24075.77918689464,19602.213019187995,348.26276741355093,0.0,61132.87476435842,1755.6112403491402,62888.48600470756,9121.605304361312,9009.569884579823,1200.0,10800.0,4,2,1.1368683772161605e-13
MAIN,2025-12-31,95698.71272093848,93074.55877224848,2624.1539486900083,24522.18403689674,20094.048197981603,4.547473508864641e-13,0.0,61386.20844930492,2.1345840650610626e-12,61386.20844930492,9009.569884579823,8752.815297807336,1417.2571172497007,10800.0,0,0,4.547473508864641e-13
