decision_date,selected_branch,score_n_days,loss_B,loss_M,screen_cost_B,screen_cost_M,mae50_B,mae50_M,month
2025-02-01,BASELINE,0,,,,,,,2025-02
2025-02-02,BASELINE,0,,,,,,,2025-02
2025-02-03,BASELINE,0,,,,,,,2025-02
2025-02-04,BASELINE,0,,,,,,,2025-02
2025-02-05,BASELINE,0,,,,,,,2025-02
2025-02-06,BASELINE,1,,,,,,,2025-02
2025-02-07,BASELINE,2,,,,,,,2025-02
2025-02-08,BASELINE,3,,,,,,,2025-02
2025-02-09,BASELINE,4,,,,,,,2025-02
2025-02-10,BASELINE,5,,,,,,,2025-02
2025-02-11,BASELINE,6,,,,,,,2025-02
2025-02-12,BASELINE,7,,,,,,,2025-02
2025-02-13,BASELINE,8,,,,,,,2025-02
2025-02-14,BASELINE,9,,,,,,,2025-02
2025-02-15,BASELINE,10,,,,,,,2025-02
2025-02-16,BASELINE,11,,,,,,,2025-02
2025-02-17,BASELINE,12,,,,,,,2025-02
2025-02-18,BASELINE,13,,,,,,,2025-02
2025-02-19,BASELINE,14,,,,,,,2025-02
2025-02-20,BASELINE,15,,,,,,,2025-02
2025-02-21,BASELINE,16,,,,,,,2025-02
2025-02-22,BASELINE,17,,,,,,,2025-02
2025-02-23,BASELINE,18,,,,,,,2025-02
2025-02-24,BASELINE,19,,,,,,,2025-02
2025-02-25,BASELINE,20,,,,,,,2025-02
2025-02-26,BASELINE,21,,,,,,,2025-02
2025-02-27,BASELINE,22,,,,,,,2025-02
2025-02-28,BASELINE,23,,,,,,,2025-02
2025-03-01,BASELINE,24,,,,,,,2025-03
2025-03-02,BASELINE,25,,,,,,,2025-03
2025-03-03,BASELINE,26,,,,,,,2025-03
2025-03-04,BASELINE,27,,,,,,,2025-03
2025-03-05,LIGHTGBM,28,10.963377876323676,9.92630201509864,1597013.1276154967,1584352.3508982863,243.05191935763887,232.0839037334696,2025-03
2025-03-06,LIGHTGBM,28,11.04727914475678,10.005302628666524,1587323.3528475622,1574699.4141851407,245.41882268105155,233.5864254442228,2025-03
2025-03-07,LIGHTGBM,28,11.077408251186291,10.056796358309182,1577140.985249872,1565053.1896528753,245.6269097470238,234.8212934589161,2025-03
2025-03-08,LIGHTGBM,28,10.981762538762103,9.957260695231378,1570725.1903066654,1558305.1763672954,242.2737204489088,231.8377101756957,2025-03
2025-03-09,LIGHTGBM,28,10.852850324194597,10.032827996879275,1565661.1157485717,1553126.1222276888,239.65099201388887,231.1134998691926,2025-03
2025-03-10,LIGHTGBM,28,10.714496635558843,9.954328105846134,1551484.8669558358,1539230.4192006614,238.06273974454365,228.08942922181572,2025-03
2025-03-11,LIGHTGBM,28,10.843749780233052,10.037350708193888,1543480.504489474,1531992.4750808026,239.5366804315476,226.15721569374372,2025-03
2025-03-12,LIGHTGBM,28,10.957583778843418,10.065256979106094,1536280.6329663554,1523759.4406678674,242.57096297123016,226.57428242489792,2025-03
2025-03-13,LIGHTGBM,28,10.995876487856398,10.094447217502005,1527129.6791572329,1514356.1599217206,242.63448303571428,225.74808028402816,2025-03
2025-03-14,LIGHTGBM,28,11.41162275384279,10.366022432122127,1525724.9423554274,1512357.930597043,248.3993292410714,224.59709231649117,2025-03
2025-03-15,LIGHTGBM,28,11.387662118116602,10.327481808011324,1521240.8224407595,1507769.8174822214,250.94517602926584,226.7354634126868,2025-03
2025-03-16,LIGHTGBM,28,11.709989683957954,10.355197771090513,1516959.8255651137,1503391.8422612876,257.4724662698413,227.83054375696992,2025-03
2025-03-17,LIGHTGBM,28,11.861840061515426,10.42363404283507,1510082.1535005297,1494871.3412820636,260.7905341765873,231.0715121359946,2025-03
2025-03-18,LIGHTGBM,28,11.914907357659292,10.554195802507625,1501564.2415168397,1487281.676248256,260.9328933531746,233.6041619277089,2025-03
2025-03-19,LIGHTGBM,28,12.23949896156392,10.780882361923474,1500073.5328370444,1484509.5718633817,264.39769753224203,235.6425099074562,2025-03
2025-03-20,LIGHTGBM,28,12.233645186225594,10.844250728582711,1490629.1350211385,1475494.0700193436,262.4684015749008,235.7840343997884,2025-03
2025-03-21,LIGHTGBM,28,12.207451976788043,10.939745434092982,1483903.112376698,1470507.3897106876,262.7696684399802,236.64415250255144,2025-03
2025-03-22,LIGHTGBM,28,12.368093631564664,11.083673656217314,1480898.9438834148,1467006.8043673136,265.5157766989088,240.99691917197583,2025-03
2025-03-23,LIGHTGBM,28,12.55244164232381,11.19735390244532,1476771.4370438796,1463195.3934940628,269.1659378472222,243.00811474255397,2025-03
2025-03-24,LIGHTGBM,28,12.663275399191056,11.36238613125707,1469771.1289743478,1456678.2216266738,271.7309795634921,245.46633067417645,2025-03
2025-03-25,LIGHTGBM,28,12.85702180182012,11.483926883273552,1464649.819707414,1451358.9458067804,273.45691898561506,248.39772732704495,2025-03
2025-03-26,LIGHTGBM,28,13.038162966812036,11.489123262378596,1461720.6690935614,1447500.6286140531,277.6048528769841,247.61357623549787,2025-03
2025-03-27,LIGHTGBM,28,13.18062318003654,11.487605182207584,1455686.2117091117,1440563.4917796797,279.7996556423612,247.6574131404884,2025-03
2025-03-28,LIGHTGBM,28,13.147430208840872,11.47026166789334,1446447.475045234,1432736.1165616608,281.2718047247024,247.5044644486376,2025-03
2025-03-29,LIGHTGBM,28,13.146364190021394,11.43973144803612,1443769.0251853643,1430003.3526204424,280.03398936011905,248.202288340124,2025-03
2025-03-30,LIGHTGBM,28,12.981550402539831,11.497489888482436,1439320.8027561682,1426049.6223745644,276.64656892361114,250.65335628351625,2025-03
2025-03-31,LIGHTGBM,28,12.7580425312188,11.110334088746647,1424130.0184353827,1409073.0439313145,273.1773149429564,245.75120460835785,2025-03
2025-04-01,LIGHTGBM,28,12.81759661500362,11.139994275317584,1411471.8037513483,1396504.4610649464,273.7805261160715,245.53447555635935,2025-04
2025-04-02,LIGHTGBM,28,12.810905978206696,11.269461389839412,1401593.3853631732,1387435.6035247827,275.14312465277783,247.8584383833217,2025-04
2025-04-03,LIGHTGBM,28,12.979261062433627,11.552965260552206,1399920.4153835117,1388006.3617538484,275.9739014012897,249.5754958939017,2025-04
2025-04-04,LIGHTGBM,28,13.145247590981183,11.639643128120955,1395031.998334964,1382031.7075908473,281.3475055555556,252.58117792930796,2025-04
2025-04-05,LIGHTGBM,28,13.296542235011096,11.768996322750915,1392928.3240528607,1379301.9556925944,283.549995436508,253.7048721109392,2025-04
2025-04-06,LIGHTGBM,28,13.647386204430523,12.245425434976376,1390464.6184134325,1376510.1213284684,287.9274290674603,258.3816923037054,2025-04
2025-04-07,LIGHTGBM,28,13.803872646873211,12.27292024488031,1386677.743439946,1371190.616046636,289.62167962549603,259.0136658110192,2025-04
2025-04-08,LIGHTGBM,28,13.647954645836194,12.206275501497894,1378015.915042811,1362751.7454954078,287.0877232886904,258.8379354291651,2025-04
2025-04-09,LIGHTGBM,28,13.90495106916078,12.389329335788936,1375868.869075875,1359756.7391229244,290.6531395585318,262.5344111393176,2025-04
2025-04-10,LIGHTGBM,28,14.132692592220172,12.511204190743683,1373068.3836368334,1356648.0121933287,297.1854312872024,265.6627400534801,2025-04
2025-04-11,LIGHTGBM,28,13.786136817594594,12.210755048510626,1363045.619089519,1346577.7899118925,294.98646024305555,265.07793454493674,2025-04
2025-04-12,LIGHTGBM,28,13.758058170690823,12.249463390823324,1361472.3432346429,1345058.0480544344,292.5466354910714,264.47306622125035,2025-04
2025-04-13,LIGHTGBM,28,13.60960414577032,12.29900355954344,1358032.306790253,1341865.4739033417,290.50452078373013,264.6372886454542,2025-04
2025-04-14,LIGHTGBM,28,13.597207430763095,12.296313169412109,1352518.2276327598,1337138.539275654,288.7834755828373,263.0960530842762,2025-04
2025-04-15,LIGHTGBM,28,13.56990569323001,12.181831881069396,1348305.583660239,1332063.3582792804,287.6564856026786,258.48204299059245,2025-04
2025-04-16,LIGHTGBM,28,13.38085921358416,12.150224482265957,1337938.7805336216,1323283.994917848,288.8102734375,261.9825589763513,2025-04
2025-04-17,LIGHTGBM,28,13.7698109532273,12.154997258204284,1334848.6518925114,1319167.7148039294,295.93528046875,262.7422624938629,2025-04
2025-04-18,LIGHTGBM,28,13.8122493954624,12.019633487680183,1328944.9686367738,1310946.4699976477,295.41666273561503,261.2160554674928,2025-04
2025-04-19,LIGHTGBM,28,13.763992264888644,11.944891789173964,1326150.578141466,1308085.461202865,294.5982229662698,256.4627443269709,2025-04
2025-04-20,LIGHTGBM,28,13.698873861070188,11.996349777197109,1324014.0470722427,1305467.5784968345,291.7078055679563,256.16366228459793,2025-04
2025-04-21,LIGHTGBM,28,13.656043349530622,11.89536649085758,1319314.1986347274,1300384.2358280425,290.8556668030754,254.02060532269425,2025-04
2025-04-22,LIGHTGBM,28,13.58551155144031,11.894516943766442,1313676.2380035403,1295100.5561752347,292.2816877852182,253.1557890416282,2025-04
2025-04-23,LIGHTGBM,28,13.597040086313626,11.89391673278008,1307053.5767911894,1288862.6947684777,292.90164987599206,254.045159044188,2025-04
2025-04-24,LIGHTGBM,28,13.495752097979102,11.876520020662214,1302192.4704148774,1284402.4961589377,288.9034417534722,252.74560807393175,2025-04
2025-04-25,LIGHTGBM,28,13.543965256866136,11.952552698634046,1296505.419045545,1278329.2688708776,289.3159028893849,254.61819816995137,2025-04
2025-04-26,LIGHTGBM,28,13.427715123179595,11.826923084257766,1292399.0110266495,1274342.6535587606,288.5627813864087,252.27340146078504,2025-04
2025-04-27,LIGHTGBM,28,13.694999859024438,11.872314068635962,1290960.4191912669,1272382.7246510389,296.17029102182545,255.63332965895023,2025-04
2025-04-28,LIGHTGBM,28,13.63745211133927,11.884966760723408,1287026.633413555,1268913.4871727386,295.7860700396825,255.01310692690407,2025-04
2025-04-29,LIGHTGBM,28,13.91309915231247,12.214287104528315,1287004.958269795,1269197.8383913685,301.8873123387897,260.1793800414081,2025-04
2025-04-30,LIGHTGBM,28,14.186146840614072,12.206082343236467,1284841.1132012592,1265206.444029008,307.61368549107146,261.4719415328918,2025-04
2025-05-01,LIGHTGBM,28,14.109408297303508,11.950976693422216,1273926.6562997815,1252463.2637835965,308.76849393601185,259.7215262251569,2025-05
2025-05-02,LIGHTGBM,28,14.48281060964881,12.353348266384137,1280433.3643445168,1260005.7557539353,311.0545946676587,262.497592940734,2025-05
2025-05-03,LIGHTGBM,28,15.039314042703277,12.874324417621498,1286484.7581087155,1267203.6100439914,320.8985251736111,268.3381834513696,2025-05
2025-05-04,LIGHTGBM,28,15.111816151692349,12.605220608532717,1291678.241320327,1273368.916612723,320.99520305059525,264.7119943869872,2025-05
2025-05-05,LIGHTGBM,28,15.366037513374604,12.930598575074969,1294772.1890706727,1277563.574129181,324.64777713293654,268.0722469568735,2025-05
2025-05-06,LIGHTGBM,28,15.8521357141608,13.440343367705587,1305783.8195043188,1290198.8387864851,330.9859521205357,273.0330563414876,2025-05
2025-05-07,LIGHTGBM,28,15.845197757454317,13.575434841381613,1306469.2091371608,1293827.9996906258,328.5899253596229,273.09898764632044,2025-05
2025-05-08,LIGHTGBM,28,15.917406939995338,13.639379610041653,1311776.8359656176,1296126.060383279,328.27173520585313,273.5956003900751,2025-05
2025-05-09,LIGHTGBM,28,15.88948057148813,13.783376835270206,1312406.060203852,1298045.21526086,326.9830621527778,274.7581873773686,2025-05
2025-05-10,LIGHTGBM,28,15.873976512365742,13.746809933395731,1313353.8157270085,1299355.6940655902,326.1965751488096,274.197987878296,2025-05
2025-05-11,LIGHTGBM,28,15.87052326617841,13.85137496213,1316038.482543088,1302210.3152626303,325.15339120783733,276.2454344810438,2025-05
2025-05-12,LIGHTGBM,28,15.966810956745784,13.948512715710224,1318155.9295489034,1304053.0271850366,327.32828705357144,278.3144140432238,2025-05
2025-05-13,LIGHTGBM,28,16.207257796030394,14.20143581437726,1320265.7058464077,1305858.465852318,334.5356758680556,283.0844274925032,2025-05
2025-05-14,LIGHTGBM,28,16.332883513598546,14.19325436482756,1323163.2129600826,1308679.0483427504,335.05782705853176,280.858388091968,2025-05
2025-05-15,LIGHTGBM,28,16.06646181592176,14.194136129082274,1323115.547669082,1309137.6937618654,330.6466662698412,280.84162708870343,2025-05
2025-05-16,LIGHTGBM,28,16.208146661634938,14.363890175728493,1326145.897778347,1312664.5963575589,332.5806626736112,283.14497796072254,2025-05
2025-05-17,LIGHTGBM,28,16.38700136293861,14.538301525314532,1328018.756820856,1314787.7310830513,334.8255907118056,289.94564761005773,2025-05
2025-05-18,LIGHTGBM,28,16.592643866103455,14.540189983533304,1329734.7465137662,1317139.7338284615,341.13786261160715,291.26010997323044,2025-05
2025-05-19,LIGHTGBM,28,16.88981652371098,14.803038446800862,1334404.7251988996,1320711.2503593173,346.6385754092262,295.0338799599426,2025-05
2025-05-20,LIGHTGBM,28,17.002422400495373,14.911711032179884,1335177.9539335095,1321954.7810634663,349.3736350074405,298.46607830672696,2025-05
2025-05-21,LIGHTGBM,28,17.276709043329216,15.102468266015215,1337410.7538700951,1323658.5702677094,353.2168930803571,300.03600648247544,2025-05
2025-05-22,LIGHTGBM,28,17.421992801504878,15.24210672974264,1339230.8786266926,1325279.49438181,358.0631288566468,302.97260236458106,2025-05
2025-05-23,LIGHTGBM,28,17.406647279990413,15.204959143681291,1342272.1447021323,1327507.9343778947,358.22292678571426,302.0278742672495,2025-05
2025-05-24,LIGHTGBM,28,17.50921035674679,15.30556060202684,1345619.3036981935,1330686.9593369998,358.66612008928576,303.4701598493926,2025-05
2025-05-25,LIGHTGBM,28,17.402712243365958,15.282656204018124,1347425.2016822265,1332412.8288865224,355.98389449404766,300.01925298484434,2025-05
2025-05-26,LIGHTGBM,28,17.437907807968205,15.424459728392822,1347998.664805704,1333605.239376583,357.04816697668645,302.0666302287143,2025-05
2025-05-27,LIGHTGBM,28,17.348254980077595,15.207204190163996,1348170.674907615,1333006.0189410397,355.00269107142856,299.81925786917407,2025-05
2025-05-28,LIGHTGBM,28,17.226997742521956,15.099099111166352,1348460.437401632,1333369.9798938106,351.033783172123,296.8228439169521,2025-05
2025-05-29,LIGHTGBM,28,17.2874954964771,15.108036049832824,1351021.5060428227,1335707.8719157856,351.9976151785714,297.60008497250504,2025-05
2025-05-30,LIGHTGBM,28,16.765913215973626,14.590977379689296,1341009.8587792548,1325624.1959795435,345.97188350694444,292.58420123089326,2025-05
2025-05-31,LIGHTGBM,28,16.26631186321923,14.113419251796133,1335151.116012808,1319136.322415974,339.1651580233135,288.345545917393,2025-05
2025-06-01,LIGHTGBM,28,15.983678878824271,13.888957547789849,1330972.5128913212,1314008.7291644083,338.1750195436508,288.4312955500143,2025-06
2025-06-02,LIGHTGBM,28,16.880777118195383,15.208744338097963,1354698.954916329,1342527.4414414326,352.0774864335317,304.838505510997,2025-06
2025-06-03,LIGHTGBM,28,17.171917796519658,15.885429072039909,1371045.252980769,1364584.3380352005,360.1418965401785,314.08028821795324,2025-06
2025-06-04,LIGHTGBM,28,17.38169764089744,16.106112159242105,1383910.5460631894,1377322.2884780737,365.7440999627976,315.73966479024125,2025-06
2025-06-05,LIGHTGBM,28,17.705662346346905,16.276399165690076,1396607.2683900408,1386356.1931426292,372.1887350074404,318.54805468383955,2025-06
2025-06-06,LIGHTGBM,28,18.092696083701146,16.20716065460096,1415198.9830814905,1396850.99320397,377.5966576140873,317.74871627623486,2025-06
2025-06-07,LIGHTGBM,28,18.79265197358674,16.641424076338687,1435237.16449374,1407414.675706766,388.5151384672619,324.36637730557453,2025-06
2025-06-08,LIGHTGBM,28,18.977625096352696,17.29718160940388,1445868.722924177,1423805.2188322153,392.4047458333333,332.8811629851474,2025-06
2025-06-09,LIGHTGBM,28,19.39884235410744,17.49365526840947,1460487.1472096606,1433531.073611734,401.8472585193452,338.6044689129482,2025-06
2025-06-10,LIGHTGBM,28,19.322898092537447,17.49747812645759,1474251.9153272023,1449074.5339822765,398.98374324156737,339.76904575099167,2025-06
2025-06-11,LIGHTGBM,28,19.268417274498315,17.66100351711731,1487169.26796925,1464194.3376728587,396.8125688492064,343.97193918262224,2025-06
2025-06-12,LIGHTGBM,28,19.38991599192472,17.88453484978573,1506330.083067932,1484611.2996065626,400.1118954613095,347.7865374123032,2025-06
2025-06-13,LIGHTGBM,28,19.54044125712181,18.14490183127934,1523166.2973009893,1503022.3984741557,401.5224786582341,353.7541685999329,2025-06
2025-06-14,LIGHTGBM,28,19.60053125669884,18.359137103768408,1530725.1281379284,1513080.930796307,402.9960470982143,358.58597639286575,2025-06
2025-06-15,LIGHTGBM,28,19.656460959463956,18.41896378996461,1539089.2170415772,1519456.9769097874,401.2660494667658,360.8763511588066,2025-06
2025-06-16,LIGHTGBM,28,19.55237637451208,18.342573849636064,1550632.6948447616,1531646.4234550083,399.3112578497023,360.373418482986,2025-06
2025-06-17,LIGHTGBM,28,19.465167459019376,18.251259834751124,1566973.5781122043,1546976.1934185484,395.77738397817456,357.53175835346053,2025-06
2025-06-18,LIGHTGBM,28,19.20605759995458,18.29031913249535,1584431.10396404,1566402.103119682,391.7119876860119,360.12145811163265,2025-06
2025-06-19,LIGHTGBM,28,19.3192508829565,18.268668534400483,1601371.2240737258,1580243.3916814283,392.2157763516865,360.4317723281784,2025-06
2025-06-20,LIGHTGBM,28,19.509719897957872,18.416698689881617,1616574.771581216,1594351.0158236555,394.9476444444445,364.2154351637505,2025-06
2025-06-21,LIGHTGBM,28,19.585287507479727,18.504959382545653,1622910.4939793074,1600357.2392456206,396.93920561755954,367.0600960691182,2025-06
2025-06-22,LIGHTGBM,28,19.667186452373297,18.49013472776925,1629734.094587523,1606132.7337264367,398.49084093501983,367.7523058544575,2025-06
2025-06-23,LIGHTGBM,28,19.90414171898436,18.561362961334964,1643995.7815457943,1618845.3868749095,402.4230195436508,370.3617210386755,2025-06
2025-06-24,LIGHTGBM,28,19.76763996728449,18.37080568512381,1654747.1935540452,1627140.694907547,399.0913149801588,368.336276558772,2025-06
2025-06-25,LIGHTGBM,28,20.055303898596517,18.993423335167385,1679030.3851724046,1655907.7023730504,404.1586364459325,375.4699699936986,2025-06
2025-06-26,LIGHTGBM,28,20.166740434275663,19.03809030559958,1697261.3318632315,1670151.1637582693,405.4831290302579,376.5246294742789,2025-06
2025-06-27,LIGHTGBM,28,20.355293494672075,19.127631822271976,1710776.442553632,1680906.6245677806,408.2383764880952,377.4113318777511,2025-06
2025-06-28,LIGHTGBM,28,20.370803961330257,19.09365321080586,1715798.845593057,1685060.5902856188,405.9953671999007,377.75264610326445,2025-06
2025-06-29,LIGHTGBM,28,20.360294827691558,19.116788567199983,1721374.5544528412,1690136.761872442,404.2788104042658,378.3668886508097,2025-06
2025-06-30,LIGHTGBM,28,19.435960016423845,17.55226178808244,1706409.0725603844,1667431.4858604209,391.4502071924604,360.6401700497964,2025-06
2025-07-01,LIGHTGBM,28,18.85859628919319,16.456771712911284,1694353.094982495,1646291.367169383,378.837573983135,347.68923296299295,2025-07
2025-07-02,LIGHTGBM,28,18.90059722793069,16.652515115960803,1703897.3499541683,1658245.6496642,379.0356516493055,350.16074029561634,2025-07
2025-07-03,LIGHTGBM,28,19.074157907233914,17.041452194795806,1711824.500421111,1671784.993369387,379.3566635664682,357.2561835980688,2025-07
2025-07-04,LIGHTGBM,28,20.093522361794285,17.735090288956968,1733689.8733108048,1692027.2998741418,393.9954889260912,366.23602468846656,2025-07
2025-07-05,LIGHTGBM,28,20.118531263920094,17.765282953390344,1739250.0091998093,1701229.9970434287,395.6996945808532,369.5646701653517,2025-07
2025-07-06,LIGHTGBM,28,20.73682649496859,17.97213872419217,1755173.8519341317,1713825.325053717,404.8223206845239,371.06668222157896,2025-07
2025-07-07,LIGHTGBM,28,21.55599933421189,19.13974396826534,1777998.000512269,1748001.4978932054,413.9224282242063,382.9361461477628,2025-07
2025-07-08,LIGHTGBM,28,21.807634670017645,19.47610549622947,1785191.0398558178,1757376.3096470097,420.2412361979167,384.4252504940528,2025-07
2025-07-09,LIGHTGBM,28,21.90075961755377,19.38014349076934,1790986.0826929195,1759332.3999743476,423.1181081473215,385.28960564754175,2025-07
2025-07-10,LIGHTGBM,28,21.97246169294769,19.60887141475261,1790305.040248491,1762107.7676080149,425.3095545262897,393.5230148738826,2025-07
2025-07-11,LIGHTGBM,28,21.948036046397807,19.72466610142482,1789838.164132644,1764748.5605388675,426.2517422371032,402.9115094773321,2025-07
2025-07-12,LIGHTGBM,28,22.027432160307804,19.85553174349369,1796231.3213052982,1772975.7390215714,428.1859286210317,408.2140304051028,2025-07
2025-07-13,LIGHTGBM,28,21.98875970229737,19.94461530335371,1801718.612543339,1780588.4728895773,427.3591922371032,405.6732903093712,2025-07
2025-07-14,LIGHTGBM,28,22.20741698677282,20.241667847494316,1805579.3720337744,1785999.3496250294,430.5233258680556,409.2546250817696,2025-07
2025-07-15,LIGHTGBM,28,22.286704205564813,20.60118626698806,1805552.943285008,1792736.4478821969,431.5184965029762,416.9305832922145,2025-07
2025-07-16,LIGHTGBM,28,22.300716001625183,20.6673610555282,1803017.684099472,1791245.6135244118,432.6604449280754,421.1133269382711,2025-07
2025-07-17,LIGHTGBM,28,22.28076732372349,20.75541914151903,1803482.2803668813,1793895.783053269,431.5976982142857,422.9727592634267,2025-07
2025-07-18,LIGHTGBM,28,22.31037612219964,20.7821728823281,1807717.528063361,1798546.2845907612,431.4671170014881,423.6538595525966,2025-07
2025-07-19,LIGHTGBM,28,22.362283849591304,20.72067843605094,1814787.147981168,1803915.242408536,433.41780592757937,423.0862279397513,2025-07
2025-07-20,LIGHTGBM,28,22.460970578583225,20.70727905039626,1821415.4834105263,1809512.759034756,433.6159706225199,419.4837544388866,2025-07
2025-07-21,LIGHTGBM,28,22.38598697595878,20.68886522206958,1825726.796813959,1813507.7017257877,430.8406134052579,418.68926024880926,2025-07
2025-07-22,LIGHTGBM,28,22.420244237040063,20.757724478019952,1830843.71458553,1818963.8897388447,430.5873015500992,420.1395541410709,2025-07
2025-07-23,LIGHTGBM,28,22.17516437074724,20.30369293859287,1825088.5914409573,1809816.431620908,425.5471290426588,416.8359832169856,2025-07
2025-07-24,LIGHTGBM,28,22.12110920029692,20.29320108836671,1827175.6979670688,1812851.474000059,423.3007987723214,415.98989089888994,2025-07
2025-07-25,LIGHTGBM,28,22.20325928075071,20.40839742227982,1831818.6976728216,1818375.810886365,423.9132371899802,417.3309959463032,2025-07
2025-07-26,LIGHTGBM,28,22.299843367726755,20.465893312614853,1840103.8211948285,1825333.1370654288,426.3610359623016,417.0950410487704,2025-07
2025-07-27,LIGHTGBM,28,22.41283709626113,20.516548239652906,1847392.4196532648,1831499.6305851825,427.799825062004,417.5995917729103,2025-07
2025-07-28,LIGHTGBM,28,22.31306160399626,20.484075394729413,1851922.694829311,1837169.2064262603,426.1519884796626,417.6768830254891,2025-07
2025-07-29,LIGHTGBM,28,22.216405181360216,20.470302376781184,1856231.1127518413,1841884.1761977717,427.03361733630953,418.5013424600506,2025-07
2025-07-30,LIGHTGBM,28,21.966680275107723,19.895889486170496,1849207.6676687407,1827948.2706434235,423.4809400669644,413.5804385937532,2025-07
2025-07-31,LIGHTGBM,28,21.495413740617,19.32491084144732,1840447.8672538323,1817918.5792105128,417.32675167410713,404.08944594783645,2025-07
2025-08-01,LIGHTGBM,28,20.2507749818274,18.65012528995656,1816536.0516229123,1801188.2418354845,399.0998500124008,394.99932525233766,2025-08
2025-08-02,LIGHTGBM,28,19.782289390717064,18.48591389698745,1801040.8466050057,1791342.084832431,393.1315118303572,394.37418627314617,2025-08
2025-08-03,LIGHTGBM,28,18.892716261790977,17.649135986637805,1782846.7927963457,1770985.9665966148,379.9289448040675,387.532958890528,2025-08
2025-08-04,LIGHTGBM,28,17.735635076472043,16.477255032127555,1754020.9173588196,1736397.767141919,363.15838800843255,377.1075956306487,2025-08
2025-08-05,LIGHTGBM,28,17.37875497034208,16.026700097209652,1742158.558623785,1721664.3768016954,355.65563658234123,373.3101940292006,2025-08
2025-08-06,LIGHTGBM,28,17.260551314745605,16.05643751312415,1731934.4971649244,1713698.6087607888,352.48846113591264,371.23399196032966,2025-08
2025-08-07,LIGHTGBM,28,17.249575358395152,15.807601502821376,1727156.230595162,1705117.509474432,351.5894125992063,364.0514477866984,2025-08
2025-08-08,LIGHTGBM,28,17.219982919621234,15.624820203869396,1721132.296667487,1695017.1914065322,352.6626721602183,355.03415753328346,2025-08
2025-08-09,LIGHTGBM,28,17.004900738673182,15.339004863935916,1716176.9080842407,1686092.5799804218,348.1563290674603,344.2505413839646,2025-08
2025-08-10,LIGHTGBM,28,16.879178643837616,15.130917753666433,1711653.578231471,1681077.6173670376,348.03161272321427,343.6044838080168,2025-08
2025-08-11,LIGHTGBM,28,16.493136184376606,14.739978572168528,1701788.5303360836,1671174.5960995634,342.0492843874008,339.4014332395039,2025-08
2025-08-12,LIGHTGBM,28,16.412352803925213,14.437929328722198,1696935.4629712384,1660592.4530435642,342.0085211309524,333.80319741703704,2025-08
2025-08-13,LIGHTGBM,28,16.53020060435931,14.278663705992155,1694471.6781767528,1655118.596032512,341.5585297371032,327.8776334059916,2025-08
2025-08-14,LIGHTGBM,28,16.397503316172255,14.200151921064116,1688456.1569002522,1650700.0012403508,340.56059466765873,325.8729082206863,2025-08
2025-08-15,LIGHTGBM,28,16.32796345899585,14.182661240478655,1683159.8441104032,1646528.1790028762,339.271509015377,323.84894546145426,2025-08
2025-08-16,LIGHTGBM,28,16.307015499683747,14.310671170409158,1679611.8169411172,1644983.9817276634,337.7936164434524,324.51999370571383,2025-08
2025-08-17,LIGHTGBM,28,16.080273760946664,14.339660045072604,1676121.8465847247,1643996.674162713,334.2217431175595,325.21135437114015,2025-08
2025-08-18,LIGHTGBM,28,16.057566220934078,14.30142157911776,1669969.0474523338,1638823.245400054,334.7583234623016,325.48157903270805,2025-08
2025-08-19,LIGHTGBM,28,16.022002807763677,14.295480433069386,1663893.4210030292,1634661.9574074342,335.77333462301584,325.5703646840305,2025-08
2025-08-20,LIGHTGBM,28,15.902800532228293,14.222221555651885,1656396.0327857274,1628047.8684225874,333.7324149677579,322.8025519788103,2025-08
2025-08-21,LIGHTGBM,28,16.068893808070634,14.429098603760307,1656856.7884777284,1630973.6638689374,336.41612593005954,324.92006300132994,2025-08
2025-08-22,LIGHTGBM,28,16.005696773115577,14.47264349996635,1651746.2205035477,1627846.3419002271,337.1632676835317,326.2653437536166,2025-08
2025-08-23,LIGHTGBM,28,15.824521863448958,14.404374179911905,1649660.9405811727,1627732.5939599331,334.6037729910714,325.493095869936,2025-08
2025-08-24,LIGHTGBM,28,15.84689724214446,14.42169943224008,1645555.0710834533,1626104.599892234,335.7858565352182,325.4176837991997,2025-08
2025-08-25,LIGHTGBM,28,15.847745835325084,14.508777096185856,1639898.1159443676,1621254.582073575,338.0514008804563,328.82548575013544,2025-08
2025-08-26,LIGHTGBM,28,16.092151515499655,14.563883803258602,1633714.7350561656,1616659.6576025975,341.9131560391865,329.98842364983864,2025-08
2025-08-27,LIGHTGBM,28,15.970623110998844,14.552855581974695,1625407.924179129,1611350.0419279789,340.9511229414682,329.78548448340683,2025-08
2025-08-28,LIGHTGBM,28,15.747713165417691,14.432040373891194,1618993.216487803,1607206.518704662,337.4860115947421,327.8829204163813,2025-08
2025-08-29,LIGHTGBM,28,15.914455925070934,14.676301561401242,1615539.7505928767,1605913.1767866577,340.04493622271826,332.2784960677369,2025-08
2025-08-30,LIGHTGBM,28,15.760502202369777,14.512865873472908,1616222.699223448,1607047.6134921422,336.02113468501983,324.531218118458,2025-08
2025-08-31,LIGHTGBM,28,15.953164856570467,14.582457830253135,1617467.9137916197,1607678.726186213,339.4101675099206,325.45082923849594,2025-08
2025-09-01,LIGHTGBM,28,15.983397075936772,14.416761657052042,1617788.7745067407,1607862.0920365865,339.3585386284722,317.6993258783807,2025-09
2025-09-02,LIGHTGBM,28,16.3649687621437,14.947817425275952,1616702.0924973583,1610091.8896778645,349.6314102306547,332.99494086468053,2025-09
2025-09-03,LIGHTGBM,28,16.690229153999308,15.176428637560072,1616206.757594866,1609088.3913501385,362.17155104166665,343.37849864938886,2025-09
2025-09-04,LIGHTGBM,28,16.781762168045155,15.379116611450934,1611377.582132561,1604809.4946751022,366.7387250496032,346.8507505913352,2025-09
2025-09-05,LIGHTGBM,28,17.02836457770804,15.606872219793168,1609401.5312934248,1603013.270505831,374.91989809027774,352.1575043581979,2025-09
2025-09-06,LIGHTGBM,28,17.38110974294226,15.937366576990012,1609317.7799052997,1603557.8023748011,386.4094718874008,362.2806468067308,2025-09
2025-09-07,LIGHTGBM,28,17.80161319069461,16.536784415266474,1608653.9432622506,1603942.9163890649,398.4882085565476,380.1361783352351,2025-09
2025-09-08,LIGHTGBM,28,18.20580143943244,16.876452959952854,1609169.0005737438,1604339.1551037375,407.1587842261905,388.37259472631536,2025-09
2025-09-09,LIGHTGBM,28,18.352560307550977,16.994001251314003,1607158.4355972456,1601332.8494723658,408.8708139632937,386.6044817637555,2025-09
2025-09-10,LIGHTGBM,28,18.29832307484547,17.000398068036354,1599617.7454838008,1593245.02133716,409.6190851066468,386.16806031453285,2025-09
2025-09-11,LIGHTGBM,28,18.85956661739593,17.365885771414625,1598778.8503566696,1593456.7153538757,417.8338115699405,391.5370333002772,2025-09
2025-09-12,LIGHTGBM,28,18.96199505077616,17.3938000480336,1591796.9875366031,1585465.5435800306,420.02531701388887,390.8002972237486,2025-09
2025-09-13,LIGHTGBM,28,18.88481090108071,17.226931763916703,1585947.2931763534,1580004.3002722026,421.8388410590278,387.73422680148735,2025-09
2025-09-14,LIGHTGBM,28,18.911631902868688,17.18080149540322,1580567.3136728287,1574082.20704682,422.8514674603175,386.9673170065835,2025-09
2025-09-15,LIGHTGBM,28,18.962532381875526,17.085862877185622,1574245.6251822668,1569294.248342376,427.2732748139881,388.1419434173194,2025-09
2025-09-16,LIGHTGBM,28,19.00967811111232,17.11541501608145,1569134.0746087453,1563227.2805882306,428.95575086805553,388.6223136145517,2025-09
2025-09-17,LIGHTGBM,28,18.9794925536084,16.96866426165303,1563684.2270054906,1557167.797067956,431.9218680059524,386.2618952799244,2025-09
2025-09-18,LIGHTGBM,28,18.578956048284677,16.745091960987647,1549312.2574167885,1544593.1489006795,427.194321937004,386.5773997429196,2025-09
2025-09-19,LIGHTGBM,28,18.37245913354304,16.459890473272893,1542249.6857608985,1536699.6432668902,422.1076352678572,381.3114252937724,2025-09
2025-09-20,LIGHTGBM,28,18.36775774636001,16.394421026601602,1535631.3288499652,1530078.4994370602,422.8399000248016,379.4345854069088,2025-09
2025-09-21,LIGHTGBM,28,18.252171025148268,16.33913290116593,1531515.8321487429,1525056.3205264255,421.2097370287698,377.8244507970591,2025-09
2025-09-22,LIGHTGBM,28,18.21826747152813,16.26822068091909,1526985.301973132,1519777.2523698015,420.15300576636906,373.9110131089401,2025-09
2025-09-23,LIGHTGBM,28,17.89299919019253,16.0849152836204,1521583.3764046174,1513769.5050367324,413.8117691592262,369.7414286536312,2025-09
2025-09-24,LIGHTGBM,28,17.742386457194296,15.989670740478177,1516828.397839594,1508767.4087601225,411.01241841517856,366.807456022669,2025-09
2025-09-25,LIGHTGBM,28,17.745431639889386,16.017322199209776,1511361.672687681,1503536.4491082367,411.2110779017857,366.379398310216,2025-09
2025-09-26,LIGHTGBM,28,17.447180361625648,15.68612008006185,1504583.3692758868,1495079.0752628923,405.35573754960313,359.91472553210536,2025-09
2025-09-27,LIGHTGBM,28,17.337368147198664,15.651379328832304,1496987.610829485,1487721.7722757428,404.2455824652778,359.32570876320733,2025-09
2025-09-28,LIGHTGBM,28,17.375310400550315,15.580183885474836,1493895.4206844894,1483853.2807416953,404.8910139632936,357.10116843541016,2025-09
2025-09-29,LIGHTGBM,28,17.227021391274224,15.570452296827858,1490785.98706346,1481353.6819862034,402.4286773809524,357.67916441539705,2025-09
2025-09-30,LIGHTGBM,28,16.82168535198246,14.877221823528329,1490324.3093263106,1476128.5746906432,388.3088389632937,336.7322509180622,2025-09
2025-10-01,LIGHTGBM,28,16.391189311998698,14.43615849976139,1490892.8671813612,1476296.9253127575,376.0462172619048,322.21704263554096,2025-10
2025-10-02,LIGHTGBM,28,16.598947371515457,14.50107074507739,1489588.2145016887,1472821.9154191343,381.6550718377976,328.3592513934807,2025-10
2025-10-03,LIGHTGBM,28,16.305437310540512,14.185099198156884,1483151.1597342996,1465981.2212477387,373.34486759672615,321.6315116265184,2025-10
2025-10-04,LIGHTGBM,28,15.930462586430773,13.676344030495294,1476125.5958464693,1458130.676418358,360.5029806795635,307.74456639869976,2025-10
2025-10-05,LIGHTGBM,28,15.508361632857175,13.062698310125354,1471594.5108278417,1452286.7997490987,347.2197530877976,290.8943570094222,2025-10
2025-10-06,LIGHTGBM,28,15.2721070236418,12.816453140087196,1467378.552112091,1447392.2000370442,340.1047282118056,282.6580108035656,2025-10
2025-10-07,LIGHTGBM,28,14.97051789648828,12.52532343912516,1462856.099393376,1443663.8777776011,335.29810298859127,279.0213995591407,2025-10
2025-10-08,LIGHTGBM,28,14.779404829079697,12.390474818226185,1463068.2546271305,1444716.2239132626,331.53377392113094,277.1794032574993,2025-10
2025-10-09,LIGHTGBM,28,14.108074259818272,11.872892575260186,1456143.3879494043,1436427.1779660347,320.7288237723214,267.37325427837584,2025-10
2025-10-10,LIGHTGBM,28,13.72544889747237,11.57927448421167,1451833.647546272,1433328.355458156,314.8450246651785,264.0400723535862,2025-10
2025-10-11,LIGHTGBM,28,13.61580511622606,11.568558379704852,1449777.8228015853,1430938.763460155,310.2333816964286,263.7495999191562,2025-10
2025-10-12,LIGHTGBM,28,13.517862854149108,11.415778901766274,1447239.143167033,1428825.8037641468,309.7269367559524,262.3374721209683,2025-10
2025-10-13,LIGHTGBM,28,13.255770005547287,11.337930912254418,1446419.2534020268,1426790.9132691803,301.8264735243056,257.195119651172,2025-10
2025-10-14,LIGHTGBM,28,12.979250137951176,11.121517946418937,1442976.6897636475,1424480.9548844886,295.7076717261905,252.2811641622908,2025-10
2025-10-15,LIGHTGBM,28,12.818733590467543,11.082250492274788,1442479.2982939552,1424985.1333577912,291.4946635540675,252.81050811835092,2025-10
2025-10-16,LIGHTGBM,28,12.762789984486329,10.977185901679317,1441798.2119676175,1422794.8453469304,288.90849791666665,247.0834764699708,2025-10
2025-10-17,LIGHTGBM,28,12.708454012995718,11.022865820629429,1442904.9172298652,1426013.143163005,287.77551772073406,248.25864272223853,2025-10
2025-10-18,LIGHTGBM,28,12.630066685684609,10.966281240291003,1440990.0827324558,1423882.3548845858,285.3623148561508,248.24259604736295,2025-10
2025-10-19,LIGHTGBM,28,12.460851469471544,10.804615113972035,1438778.9327585176,1421529.6109273836,281.1396863591269,245.39833944518787,2025-10
2025-10-20,LIGHTGBM,28,12.201268442010717,10.63852029128469,1437773.2159248325,1422948.177071634,275.9056109250992,246.60226253829444,2025-10
2025-10-21,LIGHTGBM,28,12.113507265735402,10.687681709100602,1439165.1201942656,1425388.1716758702,274.3675387648809,246.5891717271764,2025-10
2025-10-22,LIGHTGBM,28,12.068022849130555,10.593390320372446,1439863.425028241,1425753.7632795507,272.77951765873013,245.50012643707467,2025-10
2025-10-23,LIGHTGBM,28,11.97784080136283,10.528990397110013,1440828.0363576435,1427566.670279899,271.31693015873014,245.1821291945518,2025-10
2025-10-24,LIGHTGBM,28,11.874584431349156,10.454787358680449,1440167.717465251,1427372.081365948,271.1259483010912,244.5403956149624,2025-10
2025-10-25,LIGHTGBM,28,11.751582825105144,10.289801611009343,1440592.8482062337,1426818.5810524616,267.2410344618055,241.4805947928731,2025-10
2025-10-26,LIGHTGBM,28,11.481341631266451,10.062609621479314,1437020.0395877222,1423456.462932217,260.50788855406745,235.59810769307572,2025-10
2025-10-27,LIGHTGBM,28,11.30538310414481,9.857710170882925,1435523.2170004626,1420946.5908950528,256.76476914682536,231.56007109346191,2025-10
2025-10-28,LIGHTGBM,28,11.210008439474588,9.885304518985022,1434429.2843817894,1421829.6097316346,258.3964828621032,233.7169366318538,2025-10
2025-10-29,LIGHTGBM,28,11.145916335374688,9.841103071271704,1431832.292310435,1419847.9169757927,256.17476944444445,231.01078676749088,2025-10
2025-10-30,LIGHTGBM,28,10.586883571475845,9.413471903861629,1433837.4348140615,1423249.7937748677,241.37011298363092,218.17025595390152,2025-10
2025-10-31,LIGHTGBM,28,10.472988861593985,9.22578270135954,1439582.575513021,1428476.630688647,238.58427950148808,211.5938273876414,2025-10
2025-11-01,LIGHTGBM,28,10.336797754782456,9.212493645815169,1441351.6593417746,1433084.3168362929,238.4198560143849,211.53500018542172,2025-11
2025-11-02,LIGHTGBM,28,10.175073420910268,9.100305763413951,1441261.5723146931,1432938.499393381,234.89803210565475,207.9611849318586,2025-11
2025-11-03,LIGHTGBM,28,9.873933468478192,8.825062447856947,1445371.484264834,1437185.0083843214,229.80538661954364,204.50507663442136,2025-11
2025-11-04,LIGHTGBM,28,9.815810856294412,8.806390298564764,1450462.9707981127,1442122.57259337,228.6445417782738,204.75711031706416,2025-11
2025-11-05,LIGHTGBM,28,9.700651660624422,8.694377962931245,1453964.6786053367,1445551.8829062378,226.8304499875992,202.72235572363425,2025-11
2025-11-06,LIGHTGBM,28,9.594145258090442,8.638471555412593,1460265.3777811918,1452332.880522234,225.91331604662696,202.81142314574407,2025-11
2025-11-07,LIGHTGBM,28,9.687398647297684,8.833653812796792,1471332.0117925643,1464816.7497895812,226.01394751984125,205.23027656783643,2025-11
2025-11-08,LIGHTGBM,28,9.711720633378487,8.774135722591437,1474397.5822855616,1467527.4094679593,225.8821873883928,203.79301862416813,2025-11
2025-11-09,LIGHTGBM,28,9.680041783745583,8.772765624680979,1476759.1543563348,1469855.3596344064,223.3630706845238,202.6368738867084,2025-11
2025-11-10,LIGHTGBM,28,9.61235632242616,8.773718782168562,1484560.471449878,1478433.8602225515,221.7008314360119,202.27625566068676,2025-11
2025-11-11,LIGHTGBM,28,9.575287127915674,8.804025289192307,1494290.4661183336,1488684.3023354013,220.871628968254,204.10955359320732,2025-11
2025-11-12,LIGHTGBM,28,9.556137070491832,8.733659822869235,1500835.2721980098,1494031.3893495533,218.15749511408728,201.42431462285552,2025-11
2025-11-13,LIGHTGBM,28,9.497724898765046,8.642242844976163,1507683.9918615478,1500773.498527842,216.69154573412695,200.16738346368885,2025-11
2025-11-14,LIGHTGBM,28,9.518624178593074,8.622169265377062,1512945.9890619582,1504584.799055925,217.77388776041664,199.8874861468984,2025-11
2025-11-15,LIGHTGBM,28,9.406456024444823,8.536265493800958,1515126.5705904327,1507073.1805127435,215.41557292906745,197.934578394592,2025-11
2025-11-16,LIGHTGBM,28,9.36256487552123,8.518970431720527,1517581.6919008712,1509593.9181545407,215.5593983258929,197.77564474828725,2025-11
2025-11-17,LIGHTGBM,28,9.381238184029598,8.496802649451546,1524629.349909123,1515203.8080033406,214.64052368551583,193.0462542472055,2025-11
2025-11-18,LIGHTGBM,28,9.39057380585291,8.411399026955259,1529869.9279912703,1519119.0074947644,214.16257694692464,190.97565073549373,2025-11
2025-11-19,LIGHTGBM,28,9.410988397712634,8.440780628115593,1535780.3647606077,1525210.187075583,214.94202845982144,191.1958300424793,2025-11
2025-11-20,LIGHTGBM,28,9.44488267467348,8.487408851966334,1543552.7212756474,1532685.2747854283,214.25936607142856,190.42255585655425,2025-11
2025-11-21,LIGHTGBM,28,9.403009591765972,8.47326232698772,1550415.7427328094,1539790.3118179997,213.27565401785716,190.3142460194034,2025-11
2025-11-22,LIGHTGBM,28,9.332652566954875,8.406101423339376,1551502.4416016866,1541621.762083216,211.58080478670635,188.7703963060836,2025-11
2025-11-23,LIGHTGBM,28,9.264387396716618,8.388841371878659,1553353.9358804352,1544073.6462068765,210.40804599454364,188.47147001839767,2025-11
2025-11-24,LIGHTGBM,28,9.282156486760648,8.411096655451008,1560965.187385596,1551818.5232409872,210.59774227430557,189.4562537996033,2025-11
2025-11-25,LIGHTGBM,28,9.370322364802744,8.438946720797802,1569151.1782669742,1558982.4070310125,211.99508978174603,189.9428935113524,2025-11
2025-11-26,LIGHTGBM,28,9.34123642630964,8.442814823634237,1576271.3068436233,1566115.0677711684,211.03544300595237,191.0885492235232,2025-11
2025-11-27,LIGHTGBM,28,9.220116431932524,8.275538967203246,1580844.5366051272,1570492.8717332855,209.38009601934525,187.62993419298496,2025-11
2025-11-28,LIGHTGBM,28,9.082533971988973,8.182599899928919,1586304.3305892404,1576044.257593501,204.78888783482145,186.1082522816361,2025-11
2025-11-29,LIGHTGBM,28,9.066202146180093,8.11853615728164,1589714.8925886534,1576323.661795386,203.62044742063492,184.0342006645528,2025-11
2025-11-30,LIGHTGBM,28,9.191816839151423,8.325016620967048,1592518.7803474576,1579479.2357288804,205.6192626116072,188.13725405268585,2025-11
2025-12-01,LIGHTGBM,28,9.17598120393504,8.315941728649369,1600119.927255573,1586981.815451698,205.3849295014881,187.27826626636764,2025-12
2025-12-02,LIGHTGBM,28,9.479707835915196,8.755823886127056,1619373.8640427303,1609870.8144257923,209.57947920386903,192.467205487287,2025-12
2025-12-03,LIGHTGBM,28,10.059083079448415,9.463061556978616,1646814.10433906,1639473.3545972437,217.46290484871028,201.451377255423,2025-12
2025-12-04,LIGHTGBM,28,10.32598300022095,9.726196336077678,1665055.880324677,1657247.0411429517,221.96153108878968,206.2831628681444,2025-12
2025-12-05,LIGHTGBM,28,10.61872160139701,9.94133826213024,1682762.0584235133,1673552.2862182455,225.84169641617063,208.8232110423279,2025-12
2025-12-06,LIGHTGBM,28,10.798195975632028,10.290196367740716,1692359.4230898474,1684320.4005863897,229.6164453869048,214.3191616201213,2025-12
2025-12-07,LIGHTGBM,28,11.085693898247817,10.79185581275108,1704430.435702526,1697458.1840976165,234.88515546875,222.3378354042994,2025-12
2025-12-08,BASELINE,28,11.146135860707608,10.937171047700383,1717520.666226896,1712257.1545806683,236.739088343254,225.5197188461437,2025-12
2025-12-09,LIGHTGBM,28,11.227419887873925,10.917950914807625,1729722.2027612156,1722578.6288998458,237.061815625,223.46682281788247,2025-12
2025-12-10,LIGHTGBM,28,11.299677517474487,11.000677306251855,1743399.919613634,1736101.6787763366,238.196735875496,225.151916117824,2025-12
2025-12-11,LIGHTGBM,28,11.363797454221745,11.090690752339825,1756628.8629903109,1749870.5302506615,239.7423368799603,226.3138585343981,2025-12
2025-12-12,LIGHTGBM,28,11.434994331274371,11.142357738056948,1769333.0884516053,1761765.221562097,240.8862937127976,225.6059471978174,2025-12
2025-12-13,LIGHTGBM,28,11.5164030023999,11.235844592980524,1776496.6462065848,1768090.2229240795,243.2088021825397,227.4841379612575,2025-12
2025-12-14,LIGHTGBM,28,11.579426279063243,11.262828790781766,1783329.6231139044,1774681.85675117,243.66281161954367,228.25725366563603,2025-12
2025-12-15,LIGHTGBM,28,11.661066061722536,11.253270994870933,1795747.1825493823,1785151.8564242283,243.90993778521823,227.6213026845156,2025-12
2025-12-16,LIGHTGBM,28,11.596107302365608,11.243192978252017,1806611.2973522367,1797009.6485564294,241.67528638392852,227.0044606921384,2025-12
2025-12-17,LIGHTGBM,28,11.573870095594282,11.157242627415842,1817993.0396830775,1807296.2196489228,238.53767898065476,224.28028718215552,2025-12
2025-12-18,LIGHTGBM,28,11.593578526781169,11.07506968513494,1827602.4177574844,1814840.972116264,237.9874128968254,223.0771422823472,2025-12
2025-12-19,LIGHTGBM,28,11.594975074730524,11.073774681773315,1837243.9167121104,1824400.844252002,237.4315586309524,223.0867201208712,2025-12
2025-12-20,LIGHTGBM,28,11.66783504339208,11.134947924015869,1844232.8268595943,1830725.5603278729,240.0342578249008,225.8893877730024,2025-12
2025-12-21,LIGHTGBM,28,11.719718409403525,11.115847882924674,1851036.8698474013,1836552.1564906144,240.3629109747024,225.1958982328831,2025-12
2025-12-22,LIGHTGBM,28,11.778639308282756,11.182243327996373,1862296.1516313197,1847842.3078259763,241.7887974330357,225.9891089411639,2025-12
2025-12-23,LIGHTGBM,28,11.660649917498562,11.047533039287076,1871333.8560380652,1856164.4098757813,238.21712836061508,223.94553505525013,2025-12
2025-12-24,LIGHTGBM,28,11.70536772812014,11.060695935576854,1880573.1043089284,1864772.1389266397,237.53871526537696,222.00674282911984,2025-12
2025-12-25,LIGHTGBM,28,11.776212396737188,11.094806488932775,1890446.757875488,1874034.9908084003,237.94396505456348,222.38219408897817,2025-12
2025-12-26,LIGHTGBM,28,11.8223266388358,11.130349933175822,1900258.0403292845,1883542.6454322976,239.87726047867065,223.94517437686488,2025-12
2025-12-27,LIGHTGBM,28,11.810383964749736,11.05998258221322,1904804.2706991008,1887876.9616371,238.86361496775797,223.54485436553512,2025-12
2025-12-28,LIGHTGBM,28,11.68129555928198,10.87596802699289,1910045.98107744,1892632.10999035,236.91968896329365,220.03301584520293,2025-12
2025-12-29,LIGHTGBM,28,11.850851239806516,10.976031212794163,1918200.5942493223,1899385.754468612,240.10169797867064,221.61658314076013,2025-12
2025-12-30,LIGHTGBM,28,11.616919906770402,10.525729951190494,1914016.5176341515,1890839.6600935184,235.6341272073413,215.3063549567507,2025-12
2025-12-31,LIGHTGBM,28,11.087219329675,9.885287258102428,1901382.6418563663,1876009.8501833305,228.4750911210317,206.7648372642358,2025-12
