slot_id,time_mark,变量,样本数,均值,标准差,P10,P50,P90
1,0:10,load_kw,365,3439.8466342465763,634.5571538667965,2456.42128,3465.0342,4385.73558
2,0:20,load_kw,365,3437.9792413698638,603.3679953926313,2503.66132,3452.6851,4354.93568
3,0:30,load_kw,365,3444.3030958904105,601.3839976090354,2529.67,3467.02,4307.07
4,0:40,load_kw,365,3454.443659726027,587.0427035551322,2568.1365800000003,3476.4439,4349.835660000001
5,0:50,load_kw,365,3458.827338356165,583.9081809874868,2561.91706,3491.0769,4271.3085
6,1:00,load_kw,365,3459.8400547945207,590.8829554968567,2562.24,3507.56,4332.104000000001
7,1:10,load_kw,365,3467.1581654794522,585.0832815532905,2536.5207,3510.7796,4262.34058
8,1:20,load_kw,365,3467.963179726027,565.4936928662736,2569.37534,3532.2407,4216.918
9,1:30,load_kw,365,3466.9682739726027,547.9185192347164,2606.482,3519.32,4169.224
10,1:40,load_kw,365,3482.492672054794,547.2173595873329,2599.6925,3533.0136,4248.04236
11,1:50,load_kw,365,3495.08410109589,546.5853382263016,2603.83176,3553.1771,4189.88606
12,2:00,load_kw,365,3498.4443013698633,542.8982776290612,2616.118,3553.83,4142.170000000001
13,2:10,load_kw,365,3505.2294761643834,544.6585342340251,2618.0826,3566.7016,4195.9967400000005
14,2:20,load_kw,365,3512.638685479452,541.7011994660543,2640.21422,3580.066,4167.2285600000005
15,2:30,load_kw,365,3516.8684657534245,527.7954972380709,2668.1859999999997,3594.62,4151.612
16,2:40,load_kw,365,3517.924567945205,520.3853501569266,2679.79308,3601.2505,4162.00328
17,2:50,load_kw,365,3518.551812328767,521.5724398130227,2660.71274,3603.0912,4180.27438
18,3:00,load_kw,365,3521.097616438356,524.2318006641192,2652.018,3601.04,4154.344
19,3:10,load_kw,365,3526.926095068493,509.29892724159635,2669.87448,3614.0257,4128.4249
20,3:20,load_kw,365,3537.2853967123287,510.23796357303684,2690.16374,3610.2324,4145.01604
21,3:30,load_kw,365,3544.8808493150686,523.1598663091277,2670.3740000000003,3617.8,4208.724
22,3:40,load_kw,365,3541.2786986301367,519.8596101477026,2706.21744,3631.228,4155.71992
23,3:50,load_kw,365,3546.3976487671234,503.6012349180989,2730.53048,3642.9442,4176.27764
24,4:00,load_kw,365,3560.2070136986304,501.55917477633807,2744.682,3640.17,4183.6900000000005
25,4:10,load_kw,365,3561.95808109589,508.28524739248303,2727.93294,3627.8981,4190.68678
26,4:20,load_kw,365,3556.718350410959,513.4425382442083,2705.57586,3639.6836,4185.8958
27,4:30,load_kw,365,3560.027205479452,513.2224864716969,2710.204,3644.65,4187.874
28,4:40,load_kw,365,3580.6539621917814,508.6773337421332,2735.37614,3659.6071,4219.98626
29,4:50,load_kw,365,3586.915965753425,502.5405472128204,2760.09678,3663.3583,4201.744020000001
30,5:00,load_kw,365,3571.2634794520545,500.72297396216953,2739.168,3659.6,4163.55
31,5:10,load_kw,365,3562.317054794521,514.5326210837467,2709.6109,3655.9561,4204.93414
32,5:20,load_kw,365,3591.380909041096,524.421470392254,2722.6257,3668.3357,4232.62906
33,5:30,load_kw,365,3579.7045479452054,496.0126313546111,2753.3920000000003,3675.03,4154.612
34,5:40,load_kw,365,3486.1190468493146,444.63335687037176,2743.36058,3550.4264,4030.32866
35,5:50,load_kw,365,3823.899358356165,637.7378393716799,2753.49028,4013.7353,4520.86206
36,6:00,load_kw,365,4398.072712328767,988.1743625878303,2750.25,4805.33,5348.7660000000005
37,6:10,load_kw,365,4454.012273424658,1029.7694330436336,2711.1058,4905.4054,5415.5127600000005
38,6:20,load_kw,365,4371.791907945205,968.7580585070065,2734.19524,4797.6279,5288.1089600000005
39,6:30,load_kw,365,4392.952958904109,979.8983076019781,2754.328,4816.28,5355.612
40,6:40,load_kw,365,4384.595549863014,1005.0072042079572,2692.74204,4817.7937,5363.58924
41,6:50,load_kw,365,4434.775704657534,916.6727617321188,2874.3243,4815.4282,5340.63064
42,7:00,load_kw,365,4523.45605479452,767.784674157186,3216.826,4792.84,5332.534000000001
43,7:10,load_kw,365,4524.072086027397,746.1905256095446,3277.2299199999998,4791.268,5325.57502
44,7:20,load_kw,365,4545.886743561644,791.2253912384964,3214.85174,4835.3889,5381.38324
45,7:30,load_kw,365,4523.241780821918,777.3354103605415,3203.062,4799.88,5348.724
46,7:40,load_kw,365,4383.356639178082,700.2952102025499,3215.5433199999998,4608.2702,5144.8796
47,7:50,load_kw,365,4910.459873150685,1018.5420866460855,3192.32022,5342.3413,5889.218800000001
48,8:00,load_kw,365,5799.732684931506,1562.6515394862367,3216.416,6582.74,7182.272
49,8:10,load_kw,365,5884.82604520548,1617.0787927754554,3195.52768,6707.1785,7253.51984
50,8:20,load_kw,365,5748.071280547944,1535.9949854272381,3208.68976,6532.3389,7049.96872
51,8:30,load_kw,365,5769.05805479452,1572.8366601049543,3138.134,6560.48,7116.308000000001
52,8:40,load_kw,365,5754.210487671232,1594.2526397739318,3126.5625,6563.5191,7121.81982
53,8:50,load_kw,365,5824.180742465754,1453.8084412232595,3410.2878800000003,6539.8425,7102.7438
54,9:00,load_kw,365,5954.2601095890395,1253.5131363417404,3856.16,6545.14,7065.18
55,9:10,load_kw,365,5958.969631232876,1236.3998898181214,3890.8936200000003,6540.6298,7079.06244
56,9:20,load_kw,365,5929.5553975342455,1258.8571422467328,3834.38328,6523.8899,7045.81782
57,9:30,load_kw,365,5923.782767123287,1239.9854278629152,3858.688,6528.87,7026.764
58,9:40,load_kw,365,5907.58598958904,1242.959876589482,3798.3205,6503.5749,7013.202200000001
59,9:50,load_kw,365,5899.126155342466,1253.979531092887,3804.08848,6503.6566,7024.1796
60,10:00,load_kw,365,5902.219589041097,1256.4783948067072,3818.884,6480.73,7037.662
61,10:10,load_kw,365,5897.479282465753,1255.7406486224563,3795.68398,6479.0144,7007.10034
62,10:20,load_kw,365,5886.756810136986,1250.789664827429,3790.63414,6486.7084,7005.4919
63,10:30,load_kw,365,5873.470767123288,1245.4517400638138,3794.154,6451.51,6984.822
64,10:40,load_kw,365,5858.030780547945,1245.5607827717456,3761.5299999999997,6433.349,6976.52072
65,10:50,load_kw,365,5844.994823287671,1250.1937652296222,3741.93642,6428.5835,6952.00482
66,11:00,load_kw,365,5839.058739726029,1252.796883317944,3756.842,6435.03,6942.09
67,11:10,load_kw,365,5838.710330410958,1250.4592457681185,3770.36582,6427.534,6935.39526
68,11:20,load_kw,365,5823.4377547945205,1254.8706985881286,3740.51898,6390.6269,6940.063260000001
69,11:30,load_kw,365,5814.793232876713,1269.1848384899288,3691.414,6413.25,6952.576
70,11:40,load_kw,365,5832.395147123288,1269.8777918469182,3707.83426,6429.2379,6950.76454
71,11:50,load_kw,365,5712.900999178082,1194.1257889026415,3690.8149,6261.7595,6814.44664
72,12:00,load_kw,365,5519.460657534247,1090.3996147577511,3700.994,5991.26,6542.3060000000005
73,12:10,load_kw,365,5494.790748767124,1075.8975217424604,3664.52004,5956.0462,6506.183
74,12:20,load_kw,365,5514.452445753424,1094.2411092028276,3679.2409,5986.4457,6520.24604
75,12:30,load_kw,365,5485.829041095891,1090.7146597894302,3664.132,5958.43,6474.634
76,12:40,load_kw,365,5462.36275890411,1069.1173938438903,3667.43758,5926.6448,6441.1549
77,12:50,load_kw,365,5566.10663890411,1139.3180465181533,3626.45376,6064.0725,6596.67698
78,13:00,load_kw,365,5725.754794520548,1259.1623841459461,3607.122,6299.59,6836.812
79,13:10,load_kw,365,5739.49567150685,1272.3120432155538,3596.22638,6331.239,6866.4697
80,13:20,load_kw,365,5714.68362520548,1248.7258491963682,3587.23174,6288.4228,6846.904640000001
81,13:30,load_kw,365,5717.850520547945,1249.219109732509,3615.916,6277.11,6898.6140000000005
82,13:40,load_kw,365,5708.248626575342,1260.7930829941738,3621.3147,6272.0999,6876.824660000001
83,13:50,load_kw,365,5696.918242739726,1267.6333799837184,3587.5238799999997,6242.4743,6866.1017600000005
84,14:00,load_kw,365,5692.298301369863,1264.053752002245,3577.288,6231.9,6904.55
85,14:10,load_kw,365,5687.129080000001,1264.871957047762,3562.30274,6233.7006,6871.06538
86,14:20,load_kw,365,5678.961982465754,1273.8400601856065,3515.13442,6227.9968,6922.61772
87,14:30,load_kw,365,5669.450767123288,1279.3854635378843,3503.564,6215.54,6967.826
88,14:40,load_kw,365,5664.194844383562,1266.6931905082229,3519.88734,6203.2927,6985.109020000001
89,14:50,load_kw,365,5672.701132876712,1268.2067877092186,3570.89434,6197.2913,6999.31712
90,15:00,load_kw,365,5682.254356164383,1283.1637621367418,3528.674,6208.4,7010.34
91,15:10,load_kw,365,5669.019524383562,1279.8890916116256,3518.21232,6198.6853,7012.40732
92,15:20,load_kw,365,5656.365147123288,1280.7727159825847,3508.29902,6177.4322,6998.370820000001
93,15:30,load_kw,365,5657.086712328767,1293.5665795825075,3507.674,6162.59,7045.4800000000005
94,15:40,load_kw,365,5662.600758904109,1294.763277245387,3485.97296,6156.8041,7021.3317799999995
95,15:50,load_kw,365,5669.259557534247,1294.4194045228066,3474.592,6168.1656,7096.38296
96,16:00,load_kw,365,5673.4767123287675,1299.2310178324533,3472.1079999999997,6171.98,7056.088000000001
97,16:10,load_kw,365,5671.014555616438,1306.5371141537623,3483.75406,6153.3743,7149.77828
98,16:20,load_kw,365,5661.5926443835615,1318.6817024913323,3453.60298,6149.898,7134.6084
99,16:30,load_kw,365,5665.892246575342,1311.8149942371365,3427.948,6137.72,7099.490000000001
100,16:40,load_kw,365,5689.037155342466,1279.9107068669437,3526.1055,6137.0216,7181.05256
101,16:50,load_kw,365,5603.661364383562,1404.9474480765214,3223.04946,6135.3278,7182.98988
102,17:00,load_kw,365,5466.712356164383,1617.3531641976151,2710.282,6135.32,7093.906
103,17:10,load_kw,365,5467.39386630137,1642.6663982981463,2694.66034,6134.1999,7141.416660000001
104,17:20,load_kw,365,5464.727020547944,1593.2727900041102,2795.22442,6100.2031,7118.524760000001
105,17:30,load_kw,365,5492.445808219178,1624.4240140288293,2733.366,6144.24,7236.7480000000005
106,17:40,load_kw,365,5621.730768767123,1710.675250900833,2724.39232,6293.4938,7464.52506
107,17:50,load_kw,365,5091.212649589041,1394.640501809635,2735.65676,5542.1147,6747.075860000001
108,18:00,load_kw,365,4208.568849315068,901.3352918850861,2719.41,4312.13,5497.674000000001
109,18:10,load_kw,365,4122.761076986301,845.8526549619462,2742.18226,4187.8237,5344.4939
110,18:20,load_kw,365,4255.93576849315,914.1181233233226,2756.73508,4353.6146,5569.93904
111,18:30,load_kw,365,4225.952410958904,913.3273461283909,2728.294,4305.3,5536.26
112,18:40,load_kw,365,4233.3384501369865,922.779329224861,2684.8127799999997,4321.2951,5527.7259
113,18:50,load_kw,365,4246.462453424658,919.4489102318593,2710.9832199999996,4325.326,5519.4756400000015
114,19:00,load_kw,365,4239.179452054796,906.9169014959032,2754.7000000000003,4309.28,5460.196
115,19:10,load_kw,365,4244.668373698631,923.3762976082264,2723.01422,4322.9231,5529.90978
116,19:20,load_kw,365,4251.918728219178,928.2806537691328,2711.07564,4337.6079,5588.78916
117,19:30,load_kw,365,4256.681287671233,910.7217226667395,2786.548,4333.93,5602.424000000002
118,19:40,load_kw,365,4267.394735068493,902.7921961033547,2796.44414,4343.0334,5618.61032
119,19:50,load_kw,365,4269.9750315068495,915.2981712516466,2731.24876,4356.8816,5654.04312
120,20:00,load_kw,365,4268.670164383562,929.1091588924764,2738.864,4350.97,5659.638
121,20:10,load_kw,365,4282.224460273973,916.987020409215,2766.1593000000003,4356.0804,5605.4661
122,20:20,load_kw,365,4291.704944109589,906.186081054677,2784.74094,4361.9429,5578.32426
123,20:30,load_kw,365,4291.36106849315,910.4505318137275,2772.72,4354.38,5595.396000000001
124,20:40,load_kw,365,4293.918153424658,910.2313048496837,2821.16094,4357.5493,5583.77938
125,20:50,load_kw,365,4295.2135186301375,905.3609745679187,2806.14196,4349.1068,5641.991720000001
126,21:00,load_kw,365,4302.030712328767,903.0328156563517,2781.608,4377.21,5570.832
127,21:10,load_kw,365,4320.961825205479,906.303271213884,2816.55314,4391.6678,5602.915840000001
128,21:20,load_kw,365,4302.329183287671,902.5914388881589,2842.1307,4368.3422,5576.2697
129,21:30,load_kw,365,4322.675835616438,902.6600851763205,2849.196,4407.71,5593.302
130,21:40,load_kw,365,4428.808330136986,919.8824510465752,2904.20336,4519.7625,5767.2805
131,21:50,load_kw,365,4030.161435342466,819.8984087588693,2711.1325,4080.4444,5277.40602
132,22:00,load_kw,365,3362.7419452054796,677.9258471271575,2357.9100000000003,3316.38,4441.574
133,22:10,load_kw,365,3309.3933638356166,673.0922397458575,2321.4125599999998,3261.2988,4352.160360000001
134,22:20,load_kw,365,3412.9562613698627,686.2228679376519,2381.94414,3367.0094,4468.1835
135,22:30,load_kw,365,3381.931260273973,666.8678371555142,2429.736,3345.58,4383.220000000001
136,22:40,load_kw,365,3386.5592076712333,659.3112311784975,2432.01556,3342.9919,4411.264480000001
137,22:50,load_kw,365,3400.484604109589,652.5748268161195,2450.7037800000003,3365.3111,4439.579460000001
138,23:00,load_kw,365,3399.242602739727,639.6160859114385,2460.4500000000003,3370.93,4342.2880000000005
139,23:10,load_kw,365,3406.980872054795,631.2374409604461,2465.2448,3406.7664,4371.115360000001
140,23:20,load_kw,365,3416.1518219178083,628.386943954261,2472.23796,3427.6649,4389.392
141,23:30,load_kw,365,3421.981123287671,633.7377478453247,2463.72,3430.72,4403.904
142,23:40,load_kw,365,3429.692305205479,648.5228837250274,2425.34062,3457.4811,4454.645560000001
143,23:50,load_kw,365,3439.061013150685,578.4120408352801,2636.5579199999997,3420.0416,4336.92662
144,0:00+1,load_kw,365,3444.725890410959,626.7300815378925,2502.864,3455.21,4464.962
1,0:10,pv_actual_kw,365,0.0,0.0,0.0,0.0,0.0
2,0:20,pv_actual_kw,365,0.0,0.0,0.0,0.0,0.0
3,0:30,pv_actual_kw,365,0.0,0.0,0.0,0.0,0.0
4,0:40,pv_actual_kw,365,0.0,0.0,0.0,0.0,0.0
5,0:50,pv_actual_kw,365,0.0,0.0,0.0,0.0,0.0
6,1:00,pv_actual_kw,365,0.0,0.0,0.0,0.0,0.0
7,1:10,pv_actual_kw,365,0.0,0.0,0.0,0.0,0.0
8,1:20,pv_actual_kw,365,0.0,0.0,0.0,0.0,0.0
9,1:30,pv_actual_kw,365,0.0,0.0,0.0,0.0,0.0
10,1:40,pv_actual_kw,365,0.0,0.0,0.0,0.0,0.0
11,1:50,pv_actual_kw,365,0.0,0.0,0.0,0.0,0.0
12,2:00,pv_actual_kw,365,0.0,0.0,0.0,0.0,0.0
13,2:10,pv_actual_kw,365,0.0,0.0,0.0,0.0,0.0
14,2:20,pv_actual_kw,365,0.0,0.0,0.0,0.0,0.0
15,2:30,pv_actual_kw,365,0.0,0.0,0.0,0.0,0.0
16,2:40,pv_actual_kw,365,0.0,0.0,0.0,0.0,0.0
17,2:50,pv_actual_kw,365,0.0,0.0,0.0,0.0,0.0
18,3:00,pv_actual_kw,365,0.0,0.0,0.0,0.0,0.0
19,3:10,pv_actual_kw,365,0.00017534246575342467,0.0004759550323660447,0.0,0.0,0.0012
20,3:20,pv_actual_kw,365,3.9726027397260274e-05,0.00022807105964870895,0.0,0.0,0.0
21,3:30,pv_actual_kw,365,0.0,0.0,0.0,0.0,0.0
22,3:40,pv_actual_kw,365,0.0030569863013698633,0.00678794072192129,0.0,0.0,0.016320000000000005
23,3:50,pv_actual_kw,365,0.001176986301369863,0.0038040055107262933,0.0,0.0,0.0019200000000000046
24,4:00,pv_actual_kw,365,0.0,0.0,0.0,0.0,0.0
25,4:10,pv_actual_kw,365,0.04300739726027398,0.09441918473027722,0.0,0.0,0.22762000000000004
26,4:20,pv_actual_kw,365,0.016804931506849318,0.052893223124862644,0.0,0.0,0.026220000000000063
27,4:30,pv_actual_kw,365,0.0,0.0,0.0,0.0,0.0
28,4:40,pv_actual_kw,365,0.5993561643835617,1.3149468122559829,0.0,0.0,3.1709400000000008
29,4:50,pv_actual_kw,365,0.23451835616438363,0.7365539748561618,0.0,0.0,0.36514000000000085
30,5:00,pv_actual_kw,365,0.2884931506849315,1.3751093700087733,0.0,0.0,0.0
31,5:10,pv_actual_kw,365,18.678091506849313,40.80568111061857,0.0,0.0024,96.14010000000002
32,5:20,pv_actual_kw,365,54.469815890410956,102.13725763620101,0.0,0.0199,251.80780000000004
33,5:30,pv_actual_kw,365,108.97181506849313,179.78664964144602,0.0,0.0,437.26500000000004
34,5:40,pv_actual_kw,365,184.16027835616438,267.5958966891411,0.0,0.4258,640.45948
35,5:50,pv_actual_kw,365,277.05815561643834,365.2280088857034,0.0,3.5775,871.6337600000002
36,6:00,pv_actual_kw,365,388.5494178082192,469.11959129493926,0.0,0.0,1104.015
37,6:10,pv_actual_kw,365,521.280288219178,573.8174429355521,0.0,184.2092,1344.28848
38,6:20,pv_actual_kw,365,672.767730410959,679.69730092036,0.0,444.575,1610.28626
39,6:30,pv_actual_kw,365,844.2260958904109,783.5163043160738,0.0,721.2375,1882.8300000000004
40,6:40,pv_actual_kw,365,1039.6744279452055,876.9434991985632,0.0,995.86,2158.62054
41,6:50,pv_actual_kw,365,1259.3374832876711,963.6141542547057,0.0,1317.3711,2429.3016
42,7:00,pv_actual_kw,365,1508.631780821918,1032.4978330120275,37.739999999999995,1678.1625,2726.145
43,7:10,pv_actual_kw,365,1791.41066739726,1058.5558123911221,241.4088,2002.3413,3046.6587400000003
44,7:20,pv_actual_kw,365,2085.4864824657534,1065.5447269658293,503.64892,2320.1896,3354.34008
45,7:30,pv_actual_kw,365,2381.2610958904106,1069.7163769145286,773.1600000000001,2629.275,3639.48
46,7:40,pv_actual_kw,365,2683.175244657534,1070.231124636102,1064.64038,2943.1824,3955.11384
47,7:50,pv_actual_kw,365,2986.355155342466,1069.6906530138376,1357.5171799999998,3243.6188,4253.8989
48,8:00,pv_actual_kw,365,3289.2040068493147,1068.288997112246,1651.6725000000001,3496.725,4581.735000000001
49,8:10,pv_actual_kw,365,3593.361249863013,1063.365451143123,1942.62808,3803.8242,4825.714360000001
50,8:20,pv_actual_kw,365,3890.733173150685,1060.8848460374777,2264.6211,4091.6333,5158.01814
51,8:30,pv_actual_kw,365,4181.341746575342,1062.9980633384741,2579.355,4396.8,5421.12
52,8:40,pv_actual_kw,365,4471.765715342466,1061.0701112617146,2861.92688,4669.0965,5777.436180000001
53,8:50,pv_actual_kw,365,4752.8271715068495,1066.530524145306,3122.65902,4910.9583,6056.34544
54,9:00,pv_actual_kw,365,5021.907431506849,1079.1421866411595,3374.235,5195.175,6396.2475
55,9:10,pv_actual_kw,365,5285.4125512328765,1087.0183583843057,3644.9339,5434.705,6667.64314
56,9:20,pv_actual_kw,365,5543.1742345205475,1100.2400535206177,3899.65272,5737.1225,6908.153139999999
57,9:30,pv_actual_kw,365,5788.409280821918,1111.3501523200937,4124.985,6012.1125,7187.475000000001
58,9:40,pv_actual_kw,365,6012.130438630137,1098.2666029491759,4386.65818,6261.1907,7352.99038
59,9:50,pv_actual_kw,365,6216.152788493152,1089.1142227637552,4618.416,6431.727,7560.08258
60,10:00,pv_actual_kw,365,6409.594109589041,1096.051500650802,4764.4875,6601.425,7720.8825
61,10:10,pv_actual_kw,365,6599.380772602741,1091.1433365294447,4986.38428,6743.9122,7905.1230000000005
62,10:20,pv_actual_kw,365,6766.720371232877,1076.8152279652031,5206.3378,6937.145,8097.4472
63,10:30,pv_actual_kw,365,6914.592328767122,1074.640462746782,5353.545,7079.8875,8268.8775
64,10:40,pv_actual_kw,365,7064.205336164383,1088.612687838434,5494.21324,7258.8133,8437.00852
65,10:50,pv_actual_kw,365,7197.431476438357,1098.2028167661622,5634.08056,7374.4244,8577.376760000001
66,11:00,pv_actual_kw,365,7303.114212328767,1096.9941551136524,5682.3225,7489.0875,8656.8525
67,11:10,pv_actual_kw,365,7387.68475479452,1095.6110304221586,5738.6626400000005,7498.667,8708.450180000002
68,11:20,pv_actual_kw,365,7459.226967123287,1098.764181735392,5852.6375,7623.6845,8735.706
69,11:30,pv_actual_kw,365,7520.719109589041,1112.1904283724614,5884.485000000001,7697.5875,8843.880000000001
70,11:40,pv_actual_kw,365,7568.2038523287665,1130.66470175001,5967.89428,7765.986,8963.324560000001
71,11:50,pv_actual_kw,365,7592.153902739726,1133.0136496639223,6020.26828,7719.8453,9031.16532
72,12:00,pv_actual_kw,365,7601.043287671232,1130.0537644327212,5973.69,7694.025,9018.735
73,12:10,pv_actual_kw,365,7612.316028767123,1150.7740559246695,5965.49798,7780.3265,9040.12086
74,12:20,pv_actual_kw,365,7602.6524038356165,1157.8513205263678,5940.36556,7714.4945,9049.391380000001
75,12:30,pv_actual_kw,365,7554.187191780822,1145.1690673972917,5943.6525,7711.0875,8917.74
76,12:40,pv_actual_kw,365,7472.7384010958895,1147.4622920202662,5848.00876,7619.6393,8884.59536
77,12:50,pv_actual_kw,365,7393.417236986302,1142.7355675481447,5736.99216,7451.1877,8800.388140000001
78,13:00,pv_actual_kw,365,7312.79794520548,1122.2341169310628,5677.6275,7408.5,8690.67
79,13:10,pv_actual_kw,365,7194.541004931507,1107.4472321744367,5544.06062,7309.0588,8565.09738
80,13:20,pv_actual_kw,365,7053.1370657534235,1097.2226088955422,5445.10588,7134.6887,8465.4753
81,13:30,pv_actual_kw,365,6910.406404109589,1092.206050846873,5243.3925,7014.3375,8313.585000000001
82,13:40,pv_actual_kw,365,6772.407483013698,1102.2756886495415,5138.7243,6895.1608,8112.824920000001
83,13:50,pv_actual_kw,365,6607.36001150685,1103.8403427337198,4995.945299999999,6733.5899,7954.3571
84,14:00,pv_actual_kw,365,6412.50852739726,1091.7223304614909,4827.3975,6502.3875,7751.632500000001
85,14:10,pv_actual_kw,365,6214.015801095891,1085.5478962389716,4612.7535,6288.2667,7550.0127
86,14:20,pv_actual_kw,365,6000.711209315068,1079.9283589767465,4362.901220000001,6078.893,7326.91168
87,14:30,pv_actual_kw,365,5766.9815753424655,1072.9005003061861,4149.5175,5895.45,7119.7725
88,14:40,pv_actual_kw,365,5521.506580000001,1074.950728900023,3911.02062,5657.356,6864.716880000001
89,14:50,pv_actual_kw,365,5268.781015616438,1069.5189023153637,3631.895,5432.0634,6617.253280000001
90,15:00,pv_actual_kw,365,5009.715205479452,1058.9463904745924,3327.7275,5211.0375,6332.3775
91,15:10,pv_actual_kw,365,4743.448423835616,1057.5886393163062,3097.2931,4986.4788,6016.596920000001
92,15:20,pv_actual_kw,365,4471.223961917808,1063.9967111192802,2820.87374,4696.0821,5764.5503800000015
93,15:30,pv_actual_kw,365,4188.202499999999,1064.4755147606247,2554.2375,4391.25,5516.2275
94,15:40,pv_actual_kw,365,3889.3931205479453,1050.3254113747719,2253.3795,4110.2526,5150.98976
95,15:50,pv_actual_kw,365,3594.594639178082,1049.8289140466643,1964.5563,3803.3077,4839.30244
96,16:00,pv_actual_kw,365,3303.887773972603,1062.3666099271693,1691.865,3569.1375,4567.514999999999
97,16:10,pv_actual_kw,365,2998.424654794521,1060.382414824491,1361.28488,3253.5826,4297.5446
98,16:20,pv_actual_kw,365,2687.413112876712,1055.1587492824235,1053.5637,2916.9982,3955.84006
99,16:30,pv_actual_kw,365,2383.1779109589042,1055.3997174479043,795.525,2591.8125,3671.46
100,16:40,pv_actual_kw,365,2089.1245602739727,1056.467934323663,525.76186,2298.2373,3352.96494
101,16:50,pv_actual_kw,365,1791.0829265753425,1050.7969765275193,247.83682,1985.8436,3044.38774
102,17:00,pv_actual_kw,365,1501.7282876712327,1023.113855724218,39.089999999999996,1642.3875,2717.205
103,17:10,pv_actual_kw,365,1255.1723446575343,959.7831728816079,0.0,1323.4272,2442.09042
104,17:20,pv_actual_kw,365,1036.3322613698629,873.723176153779,0.0,1024.221,2142.97222
105,17:30,pv_actual_kw,365,836.7774657534247,774.6656692894925,0.0,729.6375,1854.8400000000001
106,17:40,pv_actual_kw,365,665.2313175342465,669.8649016741504,0.0,463.5716,1591.62872
107,17:50,pv_actual_kw,365,516.6757632876712,566.8163041039603,0.0,197.0739,1323.63
108,18:00,pv_actual_kw,365,386.67308219178085,465.77986820741995,0.0,0.0,1090.0425000000002
109,18:10,pv_actual_kw,365,275.7932994520548,363.31043669026735,0.0,3.726,857.7713200000001
110,18:20,pv_actual_kw,365,182.9526109589041,266.2427623934527,0.0,0.4261,632.27306
111,18:30,pv_actual_kw,365,108.34140410958904,179.48342405585805,0.0,0.0,431.61
112,18:40,pv_actual_kw,365,54.312083287671236,102.29029614961507,0.0,0.021,254.49988000000002
113,18:50,pv_actual_kw,365,18.656919726027397,40.70881644335923,0.0,0.0023,99.02748000000003
114,19:00,pv_actual_kw,365,0.27534246575342464,1.2798844783805288,0.0,0.0,0.0
115,19:10,pv_actual_kw,365,0.22958958904109586,0.7164624668674389,0.0,0.0,0.3231000000000008
116,19:20,pv_actual_kw,365,0.6007408219178082,1.318321919533048,0.0,0.0,3.2521400000000003
117,19:30,pv_actual_kw,365,0.0,0.0,0.0,0.0,0.0
118,19:40,pv_actual_kw,365,0.01644986301369863,0.05145009724820075,0.0,0.0,0.02318000000000005
119,19:50,pv_actual_kw,365,0.04310438356164384,0.09466309219905952,0.0,0.0,0.23348000000000002
120,20:00,pv_actual_kw,365,0.0,0.0,0.0,0.0,0.0
121,20:10,pv_actual_kw,365,0.0011495890410958905,0.0037026543932594537,0.0,0.0,0.0016600000000000022
122,20:20,pv_actual_kw,365,0.0030690410958904113,0.006805690121804017,0.0,0.0,0.01676
123,20:30,pv_actual_kw,365,0.0,0.0,0.0,0.0,0.0
124,20:40,pv_actual_kw,365,4.0821917808219176e-05,0.00022386314393083476,0.0,0.0,0.0
125,20:50,pv_actual_kw,365,0.00018164383561643834,0.00048080465321861867,0.0,0.0,0.0012
126,21:00,pv_actual_kw,365,0.0,0.0,0.0,0.0,0.0
127,21:10,pv_actual_kw,365,0.0,0.0,0.0,0.0,0.0
128,21:20,pv_actual_kw,365,0.0,0.0,0.0,0.0,0.0
129,21:30,pv_actual_kw,365,0.0,0.0,0.0,0.0,0.0
130,21:40,pv_actual_kw,365,0.0,0.0,0.0,0.0,0.0
131,21:50,pv_actual_kw,365,0.0,0.0,0.0,0.0,0.0
132,22:00,pv_actual_kw,365,0.0,0.0,0.0,0.0,0.0
133,22:10,pv_actual_kw,365,0.0,0.0,0.0,0.0,0.0
134,22:20,pv_actual_kw,365,0.0,0.0,0.0,0.0,0.0
135,22:30,pv_actual_kw,365,0.0,0.0,0.0,0.0,0.0
136,22:40,pv_actual_kw,365,0.0,0.0,0.0,0.0,0.0
137,22:50,pv_actual_kw,365,0.0,0.0,0.0,0.0,0.0
138,23:00,pv_actual_kw,365,0.0,0.0,0.0,0.0,0.0
139,23:10,pv_actual_kw,365,0.0,0.0,0.0,0.0,0.0
140,23:20,pv_actual_kw,365,0.0,0.0,0.0,0.0,0.0
141,23:30,pv_actual_kw,365,0.0,0.0,0.0,0.0,0.0
142,23:40,pv_actual_kw,365,0.0,0.0,0.0,0.0,0.0
143,23:50,pv_actual_kw,365,0.0,0.0,0.0,0.0,0.0
144,0:00+1,pv_actual_kw,365,0.0,0.0,0.0,0.0,0.0
1,0:10,net_load_kw,365,3439.8466342465763,634.5571538667965,2456.42128,3465.0342,4385.73558
2,0:20,net_load_kw,365,3437.9792413698638,603.3679953926313,2503.66132,3452.6851,4354.93568
3,0:30,net_load_kw,365,3444.3030958904105,601.3839976090354,2529.67,3467.02,4307.07
4,0:40,net_load_kw,365,3454.443659726027,587.0427035551322,2568.1365800000003,3476.4439,4349.835660000001
5,0:50,net_load_kw,365,3458.827338356165,583.9081809874868,2561.91706,3491.0769,4271.3085
6,1:00,net_load_kw,365,3459.8400547945207,590.8829554968567,2562.24,3507.56,4332.104000000001
7,1:10,net_load_kw,365,3467.1581654794522,585.0832815532905,2536.5207,3510.7796,4262.34058
8,1:20,net_load_kw,365,3467.963179726027,565.4936928662736,2569.37534,3532.2407,4216.918
9,1:30,net_load_kw,365,3466.9682739726027,547.9185192347164,2606.482,3519.32,4169.224
10,1:40,net_load_kw,365,3482.492672054794,547.2173595873329,2599.6925,3533.0136,4248.04236
11,1:50,net_load_kw,365,3495.08410109589,546.5853382263016,2603.83176,3553.1771,4189.88606
12,2:00,net_load_kw,365,3498.4443013698633,542.8982776290612,2616.118,3553.83,4142.170000000001
13,2:10,net_load_kw,365,3505.2294761643834,544.6585342340251,2618.0826,3566.7016,4195.9967400000005
14,2:20,net_load_kw,365,3512.638685479452,541.7011994660543,2640.21422,3580.066,4167.2285600000005
15,2:30,net_load_kw,365,3516.8684657534245,527.7954972380709,2668.1859999999997,3594.62,4151.612
16,2:40,net_load_kw,365,3517.924567945205,520.3853501569266,2679.79308,3601.2505,4162.00328
17,2:50,net_load_kw,365,3518.551812328767,521.5724398130227,2660.71274,3603.0912,4180.27438
18,3:00,net_load_kw,365,3521.097616438356,524.2318006641192,2652.018,3601.04,4154.344
19,3:10,net_load_kw,365,3526.925919726028,509.29887761222017,2669.87364,3614.0241,4128.4249
20,3:20,net_load_kw,365,3537.2853569863014,510.2379627632314,2690.16374,3610.2324,4145.01604
21,3:30,net_load_kw,365,3544.8808493150686,523.1598663091277,2670.3740000000003,3617.8,4208.724
22,3:40,net_load_kw,365,3541.275641643835,519.8589556629105,2706.2147600000003,3631.228,4155.71992
23,3:50,net_load_kw,365,3546.3964717808217,503.6011314926126,2730.53048,3642.9442,4176.27764
24,4:00,net_load_kw,365,3560.2070136986304,501.55917477633807,2744.682,3640.17,4183.6900000000005
25,4:10,net_load_kw,365,3561.9150736986303,508.2817831593907,2727.80978,3627.8981,4190.68678
26,4:20,net_load_kw,365,3556.7015454794523,513.4409285296504,2705.4901999999997,3639.6836,4185.83616
27,4:30,net_load_kw,365,3560.027205479452,513.2224864716969,2710.204,3644.65,4187.874
28,4:40,net_load_kw,365,3580.0546060273973,508.6504573909917,2735.37614,3659.4809,4219.98626
29,4:50,net_load_kw,365,3586.6814473972604,502.5481863128293,2758.8902,3662.381,4201.744020000001
30,5:00,net_load_kw,365,3570.9749863013703,500.80940865676763,2739.168,3659.6,4163.55
31,5:10,net_load_kw,365,3543.6389632876712,516.795775992845,2706.06248,3629.9352,4177.25616
32,5:20,net_load_kw,365,3536.9110931506852,535.9547613364823,2706.41014,3647.9916000000003,4191.98268
33,5:30,net_load_kw,365,3470.732732876713,530.3540230408152,2702.802,3599.1949999999997,4100.668000000001
34,5:40,net_load_kw,365,3301.9587684931503,525.3064318779966,2587.64032,3421.6149,3942.47862
35,5:50,net_load_kw,365,3546.841202739726,743.9609539197291,2495.81436,3715.6665000000003,4474.97236
36,6:00,net_load_kw,365,4009.523294520548,1105.8278167274968,2234.7405,4223.507500000001,5311.952
37,6:10,net_load_kw,365,3932.7319852054793,1201.1344376088578,1893.55336,4061.2915000000003,5368.5745400000005
38,6:20,net_load_kw,365,3699.0241775342465,1226.859290073747,1650.78766,3682.2685999999994,5263.33268
39,6:30,net_load_kw,365,3548.726863013699,1318.8366449171901,1510.7305,3395.3525,5287.93
40,6:40,net_load_kw,365,3344.921121917808,1406.0283885098888,1130.4316199999998,3228.5190000000002,5339.64972
41,6:50,net_load_kw,365,3175.438221369863,1408.74232119382,949.5266200000001,3039.8925,5283.143800000001
42,7:00,net_load_kw,365,3014.8242739726024,1378.5178371922498,1011.872,2811.3275,5158.262
43,7:10,net_load_kw,365,2732.661418630137,1399.5139767051885,754.1280399999998,2492.4896,4959.13346
44,7:20,net_load_kw,365,2460.4002610958905,1434.442218395214,403.40977999999996,2234.3487,4799.51926
45,7:30,net_load_kw,365,2141.980684931507,1428.6299949694526,188.49349999999984,1954.6899999999996,4497.027000000001
46,7:40,net_load_kw,365,1700.181394520548,1393.9892775687874,18.529939999999886,1493.8715,3941.79202
47,7:50,net_load_kw,365,1924.104717808219,1580.812696640836,-369.61432000000013,1808.9857999999995,4421.55726
48,8:00,net_load_kw,365,2510.528678082192,1973.958682427233,-642.7969999999999,2587.2200000000003,5421.831
49,8:10,net_load_kw,365,2291.4647953424655,2017.391583856705,-988.4732,2471.2463000000007,5142.218999999999
50,8:20,net_load_kw,365,1857.3381073972605,1954.2968600913582,-1294.6536,2023.8449,4683.488700000002
51,8:30,net_load_kw,365,1587.716308219178,1983.4544917809746,-1642.6290000000001,1770.545,4463.820000000001
52,8:40,net_load_kw,365,1282.4447723287672,1994.1718211782722,-1912.7794200000003,1399.0077,4161.317260000001
53,8:50,net_load_kw,365,1071.3535709589041,1874.397759209633,-1879.0259000000003,1090.4111000000003,3793.3143200000018
54,9:00,net_load_kw,365,932.3526780821919,1720.8487018758221,-1676.8475,978.0875000000001,3517.526500000001
55,9:10,net_load_kw,365,673.5570799999999,1708.841946404658,-1866.91012,760.1904999999997,3219.75356
56,9:20,net_load_kw,365,386.3811630136987,1734.542019280594,-2130.11368,442.4346000000005,2996.2569000000008
57,9:30,net_load_kw,365,135.3734863013698,1728.7494726886773,-2363.2935,183.4425000000001,2725.5389999999998
58,9:40,net_load_kw,365,-104.5444490410958,1724.148726117015,-2672.07522,-59.5012999999999,2524.9117
59,9:50,net_load_kw,365,-317.026633150685,1733.1268081577505,-2986.9632,-266.3695000000007,2336.42244
60,10:00,net_load_kw,365,-507.3745205479452,1746.5970466801286,-3130.5690000000004,-516.125,2129.3685
61,10:10,net_load_kw,365,-701.9014901369862,1741.2035369176635,-3311.37878,-664.9353999999994,1721.958840000001
62,10:20,net_load_kw,365,-879.9635610958906,1724.3890892060624,-3545.3964,-806.3477999999996,1604.0722600000015
63,10:30,net_load_kw,365,-1041.1215616438355,1720.4515673410885,-3695.5919999999996,-887.665,1429.4365
64,10:40,net_load_kw,365,-1206.1745556164383,1736.107089766191,-3900.0420400000003,-1060.6538,1342.25382
65,10:50,net_load_kw,365,-1352.436653150685,1750.133892279937,-3999.30448,-1221.6194999999998,1092.9941400000005
66,11:00,net_load_kw,365,-1464.0554726027399,1751.1863828405649,-4054.4069999999997,-1435.375,975.5660000000005
67,11:10,net_load_kw,365,-1548.9744243835617,1746.169205582333,-4158.7732399999995,-1509.4848000000002,900.5732199999999
68,11:20,net_load_kw,365,-1635.7892123287672,1740.9541758422815,-4280.27542,-1651.0947000000006,823.1976800000006
69,11:30,net_load_kw,365,-1705.9258767123285,1750.767797470774,-4435.912499999999,-1683.4975000000004,724.738000000001
70,11:40,net_load_kw,365,-1735.8087052054793,1771.6968764002784,-4440.19358,-1684.5451999999996,649.3105400000009
71,11:50,net_load_kw,365,-1879.2529035616442,1728.674869791346,-4488.20068,-1840.9163999999992,443.7728800000004
72,12:00,net_load_kw,365,-2081.5826301369866,1649.6763045159978,-4492.072,-2039.7875,93.08000000000035
73,12:10,net_load_kw,365,-2117.52528,1639.853373048206,-4484.463779999999,-2065.7009,146.7975400000004
74,12:20,net_load_kw,365,-2088.1999580821916,1662.2451481781861,-4606.887379999999,-2054.835,181.4568200000008
75,12:30,net_load_kw,365,-2068.358150684931,1666.4552058329393,-4573.6365000000005,-2027.7474999999995,161.5665000000003
76,12:40,net_load_kw,365,-2010.3756421917808,1646.778798314397,-4436.911279999999,-1989.6264999999999,235.88947999999982
77,12:50,net_load_kw,365,-1827.3105980821917,1684.7720921537677,-4347.1055799999995,-1756.4750999999997,399.4781799999997
78,13:00,net_load_kw,365,-1587.0431506849316,1755.9368438042493,-4285.503,-1445.5175,720.351000000001
79,13:10,net_load_kw,365,-1455.0453334246577,1741.4043071829465,-4071.16354,-1353.7739000000001,838.5553799999997
80,13:20,net_load_kw,365,-1338.4534405479453,1701.9983026860154,-3857.0259,-1202.6735000000003,910.9670400000005
81,13:30,net_load_kw,365,-1192.5558835616437,1684.0699137878967,-3765.3779999999997,-1082.5999999999995,1060.0600000000002
82,13:40,net_load_kw,365,-1064.1588564383562,1679.3803568881747,-3514.20824,-945.6433999999995,1283.3038200000008
83,13:50,net_load_kw,365,-910.4417687671233,1680.2379969175638,-3366.0943999999995,-779.8019000000004,1405.8598000000004
84,14:00,net_load_kw,365,-720.2102260273974,1673.1041282898225,-3165.4739999999997,-623.6924999999992,1532.3500000000001
85,14:10,net_load_kw,365,-526.8867210958904,1655.342151542271,-3090.95644,-377.33610000000044,1719.629880000003
86,14:20,net_load_kw,365,-321.7492268493151,1648.4237714644432,-2752.17706,-187.78110000000015,1939.2663000000007
87,14:30,net_load_kw,365,-97.53080821917807,1645.0348124033274,-2508.1065000000003,33.820000000000164,2199.2515000000008
88,14:40,net_load_kw,365,142.68826438356163,1614.0378234352177,-2139.9888800000003,258.15479999999934,2324.6233
89,14:50,net_load_kw,365,403.9201172602739,1594.347199693945,-1880.6172400000003,468.9474,2529.6635
90,15:00,net_load_kw,365,672.5391506849314,1593.1585835594954,-1766.5204999999999,749.6074999999996,2836.768
91,15:10,net_load_kw,365,925.5711005479451,1579.0821959036343,-1486.2207400000002,1019.3056999999999,3124.4443200000005
92,15:20,net_load_kw,365,1185.1411852054796,1575.0896376537053,-1194.8428000000001,1303.5060999999996,3381.8094800000003
93,15:30,net_load_kw,365,1468.8842123287673,1580.9230735154065,-912.1230000000004,1654.415,3660.1965000000005
94,15:40,net_load_kw,365,1773.2076383561646,1567.7068953514627,-558.3283399999997,1952.1543000000001,3979.9236600000004
95,15:50,net_load_kw,365,2074.6649183561644,1550.438789549797,-279.1422599999998,2237.1849999999995,4214.18904
96,16:00,net_load_kw,365,2369.5889383561644,1542.3080287886796,90.14200000000018,2572.9700000000003,4441.6410000000005
97,16:10,net_load_kw,365,2672.589900821918,1541.7824072185351,376.4831799999997,2902.6483000000007,4785.43034
98,16:20,net_load_kw,365,2974.179531506849,1542.6554092000185,655.2441800000001,3207.2533999999996,5051.29506
99,16:30,net_load_kw,365,3282.7143356164383,1525.5600534314863,922.4874999999997,3523.64,5349.088
100,16:40,net_load_kw,365,3599.912595068494,1490.0444259023607,1323.5193600000002,3875.8717999999994,5601.496660000001
101,16:50,net_load_kw,365,3812.5784378082185,1587.499426749644,1374.0371200000004,4184.958799999999,5865.5808799999995
102,17:00,net_load_kw,365,3964.984068493151,1755.2160779114583,1180.6535000000003,4475.29,6086.759
103,17:10,net_load_kw,365,4212.221521643835,1741.3412425645336,1469.83348,4740.1653,6126.40072
104,17:20,net_load_kw,365,4428.3947591780825,1651.3075303179314,1858.0750000000003,5050.4223,6129.77992
105,17:30,net_load_kw,365,4655.668342465754,1641.7243117256785,2135.395,5440.485,6202.098
106,17:40,net_load_kw,365,4956.499451232877,1698.8814081094945,2351.2644800000003,5882.4495,6374.81038
107,17:50,net_load_kw,365,4574.536886301369,1354.689079756414,2535.9112999999998,5329.9926,5723.84322
108,18:00,net_load_kw,365,3821.895767123288,814.326251691218,2621.156,4192.38,4614.88
109,18:10,net_load_kw,365,3846.967777534247,756.4358153543502,2677.12454,4096.7818,4721.779
110,18:20,net_load_kw,365,4072.983157534247,844.7553719851219,2698.87006,4304.836499999999,5084.659460000001
111,18:30,net_load_kw,365,4117.611006849315,859.6962434072476,2711.468,4284.28,5223.400500000001
112,18:40,net_load_kw,365,4179.026366849315,890.7530794564246,2684.7149799999997,4316.9424,5411.935920000001
113,18:50,net_load_kw,365,4227.80553369863,907.273201447742,2710.9817199999998,4325.326,5494.00206
114,19:00,net_load_kw,365,4238.904109589042,906.7835247027921,2754.7000000000003,4309.28,5460.196
115,19:10,net_load_kw,365,4244.4387841095895,923.2705456066806,2722.65416,4322.7207,5529.69206
116,19:20,net_load_kw,365,4251.31798739726,927.835683844636,2711.07564,4337.6079,5586.5196
117,19:30,net_load_kw,365,4256.681287671233,910.7217226667395,2786.548,4333.93,5602.424000000002
118,19:40,net_load_kw,365,4267.378285205479,902.7841272917618,2796.4420400000004,4343.0334,5618.5674
119,19:50,net_load_kw,365,4269.931927123288,915.2680515736598,2731.24876,4356.8816,5653.997160000001
120,20:00,net_load_kw,365,4268.670164383562,929.1091588924764,2738.864,4350.97,5659.638
121,20:10,net_load_kw,365,4282.223310684931,916.9863968357157,2766.1593000000003,4356.0779,5605.46036
122,20:20,net_load_kw,365,4291.701875068494,906.1838046288294,2784.74094,4361.927,5578.32426
123,20:30,net_load_kw,365,4291.36106849315,910.4505318137275,2772.72,4354.38,5595.396000000001
124,20:40,net_load_kw,365,4293.91811260274,910.2312841741307,2821.16094,4357.5493,5583.7789
125,20:50,net_load_kw,365,4295.213336986301,905.3608324256626,2806.14196,4349.1068,5641.991720000001
126,21:00,net_load_kw,365,4302.030712328767,903.0328156563517,2781.608,4377.21,5570.832
127,21:10,net_load_kw,365,4320.961825205479,906.303271213884,2816.55314,4391.6678,5602.915840000001
128,21:20,net_load_kw,365,4302.329183287671,902.5914388881589,2842.1307,4368.3422,5576.2697
129,21:30,net_load_kw,365,4322.675835616438,902.6600851763205,2849.196,4407.71,5593.302
130,21:40,net_load_kw,365,4428.808330136986,919.8824510465752,2904.20336,4519.7625,5767.2805
131,21:50,net_load_kw,365,4030.161435342466,819.8984087588693,2711.1325,4080.4444,5277.40602
132,22:00,net_load_kw,365,3362.7419452054796,677.9258471271575,2357.9100000000003,3316.38,4441.574
133,22:10,net_load_kw,365,3309.3933638356166,673.0922397458575,2321.4125599999998,3261.2988,4352.160360000001
134,22:20,net_load_kw,365,3412.9562613698627,686.2228679376519,2381.94414,3367.0094,4468.1835
135,22:30,net_load_kw,365,3381.931260273973,666.8678371555142,2429.736,3345.58,4383.220000000001
136,22:40,net_load_kw,365,3386.5592076712333,659.3112311784975,2432.01556,3342.9919,4411.264480000001
137,22:50,net_load_kw,365,3400.484604109589,652.5748268161195,2450.7037800000003,3365.3111,4439.579460000001
138,23:00,net_load_kw,365,3399.242602739727,639.6160859114385,2460.4500000000003,3370.93,4342.2880000000005
139,23:10,net_load_kw,365,3406.980872054795,631.2374409604461,2465.2448,3406.7664,4371.115360000001
140,23:20,net_load_kw,365,3416.1518219178083,628.386943954261,2472.23796,3427.6649,4389.392
141,23:30,net_load_kw,365,3421.981123287671,633.7377478453247,2463.72,3430.72,4403.904
142,23:40,net_load_kw,365,3429.692305205479,648.5228837250274,2425.34062,3457.4811,4454.645560000001
143,23:50,net_load_kw,365,3439.061013150685,578.4120408352801,2636.5579199999997,3420.0416,4336.92662
144,0:00+1,net_load_kw,365,3444.725890410959,626.7300815378925,2502.864,3455.21,4464.962
