日期,自适应分位数,计划购电量(kWh),紧急购电量(kWh),计划购电费(元),紧急购电费(元),总费用(元),0:00储电量(kWh),24:00储电量(kWh)
2025-02-01,0.75,49050.161499907466,0.0,25879.008046350304,0.0,25879.008046350304,10800.0,10800.0
2025-02-02,0.75,96314.99289808364,0.0,61370.97977295529,0.0,61370.97977295529,10800.0,10800.0
2025-02-03,0.75,93344.07660115128,0.0,59179.844021113575,0.0,59179.844021113575,10800.0,10800.0
2025-02-04,0.75,93590.94426484352,0.0,59400.81060975384,0.0,59400.81060975384,10800.0,10800.0
2025-02-05,0.75,89119.4825026606,1.9264141228017024,56053.16572647469,11.189576432293688,56064.35530290698,10800.0,10800.0
2025-02-06,0.75,90058.03583365952,27.027433731288852,56896.31801550885,157.68359342819127,57054.00160893704,10800.0,10800.0
2025-02-07,0.75,44228.506180330376,0.0,22974.440878447494,0.0,22974.440878447494,10800.0,10800.0
2025-02-08,0.75,39847.10632705728,40.17308092536052,20622.687905949755,245.57804369672886,20868.265949646484,10800.0,10800.0
2025-02-09,0.75,85198.87600083729,78.59121570924393,53297.36360571122,407.8664297049375,53705.23003541616,10800.0,10776.350356724355
2025-02-10,0.7502463504507879,86305.94253571787,0.0,54146.445005956775,0.0,54146.445005956775,10776.350356724355,10699.464346847728
2025-02-11,0.7510472463870028,86675.74878223632,144.0772157805747,54451.5943976143,802.8698939792577,55254.46429159356,10699.464346847728,10691.56547698097
2025-02-12,0.7511295262814482,85354.42860429603,0.0,53468.43824042,0.0,53468.43824042,10691.56547698097,10800.0
2025-02-13,0.75,85470.20798596505,0.0,53567.65105227516,0.0,53567.65105227516,10800.0,10800.0
2025-02-14,0.75,38503.37624774012,0.0,20038.77031870924,0.0,20038.77031870924,10800.0,10800.0
2025-02-15,0.75,37798.1541538202,0.0,19674.49185936032,0.0,19674.49185936032,10800.0,10800.0
2025-02-16,0.75,83889.57342191826,32.15822107680685,52378.13572425179,146.30382678893278,52524.43955104073,10800.0,10800.0
2025-02-17,0.75,82388.75537319647,9.387593058519656,51340.94458206847,42.70885461973518,51383.653436688204,10800.0,10800.0
2025-02-18,0.75,82599.4451739962,17.233249729573117,51567.7483005748,78.4026696446929,51646.150970219496,10800.0,10800.0
2025-02-19,0.75,80640.61102622126,35.70067434740952,50143.813202009245,156.95943234400505,50300.77263435325,10800.0,10696.859801788622
2025-02-20,0.7510743770647018,79399.54360187659,18.44004695509932,49131.08143447441,86.37317993768521,49217.45461441209,10696.859801788622,10800.0
2025-02-21,0.75,36828.74715244166,0.0,19126.354240927554,0.0,19126.354240927554,10800.0,10800.0
2025-02-22,0.75,36681.012715265824,0.0,19074.791456258863,0.0,19074.791456258863,10800.0,10800.0
2025-02-23,0.75,80240.52456023195,12.252814209334474,49690.190926414376,57.392181756522675,49747.5831081709,10800.0,10800.0
2025-02-24,0.75,77861.95794147145,34.135311118072764,47911.150518072114,155.86352570382127,48067.01404377593,10800.0,10800.0
2025-02-25,0.75,78262.50662271808,34.52535703859371,48210.427683095746,155.35177204465978,48365.77945514041,10800.0,10800.0
2025-02-26,0.75,76115.39297139237,0.0,46872.292388832575,0.0,46872.292388832575,10800.0,10800.0
2025-02-27,0.75,74186.79380516021,330.4934297489334,45472.9477518269,1625.810062883772,47098.75781471067,10800.0,10800.0
2025-02-28,0.75,35488.268638842885,0.0,18260.004057094513,0.0,18260.004057094513,10800.0,10800.0
2025-03-01,0.75,35604.46155963684,0.0,18413.043692501513,0.0,18413.043692501513,10800.0,10800.0
2025-03-02,0.75,74499.02506533125,3211.443375360336,45677.42943901156,21690.574434165323,67368.00387317689,10800.0,10800.0
2025-03-03,0.75,73116.02753549522,3992.8988114202075,44903.72188667094,25021.194082821392,69924.91596949233,10800.0,10759.861217823356
2025-03-04,0.7504181123143401,73380.75632560768,888.6047157877643,45110.82186537072,6159.708120295369,51270.52998566609,10759.861217823356,10726.922499746857
2025-03-05,0.7507612239609702,76400.00523438968,3.286666666666747,46946.73131441006,14.952690000000366,46961.68400441006,10726.922499746857,10800.0
2025-03-06,0.75,74767.46770426026,0.0,46025.58824181516,0.0,46025.58824181516,10800.0,10800.0
2025-03-07,0.75,35022.36339726246,0.0,18121.814120412197,0.0,18121.814120412197,10800.0,10800.0
2025-03-08,0.75,34278.64588882171,0.0,17767.579781978533,0.0,17767.579781978533,10800.0,10800.0
2025-03-09,0.75,76077.71699213721,0.0,46629.98810701407,0.0,46629.98810701407,10800.0,10800.0
2025-03-10,0.75,75266.35175748989,0.0,46188.38981636765,0.0,46188.38981636765,10800.0,10800.0
2025-03-11,0.75,75181.07635460142,0.0,46056.03401316173,0.0,46056.03401316173,10800.0,10800.0
2025-03-12,0.75,71564.80365455552,0.0,43581.93364319107,0.0,43581.93364319107,10800.0,10800.0
2025-03-13,0.75,70638.75569094585,1566.2697443767877,42975.374363440584,10309.215554160608,53284.58991760119,10800.0,10800.0
2025-03-14,0.75,32916.254528159145,0.0,16917.158495902935,0.0,16917.158495902935,10800.0,10800.0
2025-03-15,0.75,32853.5570752531,0.0,16878.524071086482,0.0,16878.524071086482,10800.0,10739.265045552915
2025-03-16,0.7506326557754904,70673.67729258887,1.6400000000001,42879.611109794576,7.461180000000455,42887.072289794574,10739.265045552915,10800.0
2025-03-17,0.75,71337.50522423629,0.0,43225.0019427236,0.0,43225.0019427236,10800.0,10800.0
2025-03-18,0.75,68172.23868060138,643.576717531806,41115.31904162737,3182.4180864392843,44297.737128066656,10800.0,10800.0
2025-03-19,0.75,70271.29732648621,0.0,42586.0177500267,0.0,42586.0177500267,10800.0,10800.0
2025-03-20,0.75,71435.35438224033,0.0,43351.74272252103,0.0,43351.74272252103,10800.0,10800.0
2025-03-21,0.75,31851.042872063394,0.0,16267.38609630564,0.0,16267.38609630564,10800.0,10800.0
2025-03-22,0.75,32207.786733028224,0.0,16490.172358319458,0.0,16490.172358319458,10800.0,10800.0
2025-03-23,0.75,69372.85760975347,39.2089317387798,41921.46446091818,252.35215540113683,42173.81661631932,10800.0,10800.0
2025-03-24,0.75,65537.71557414862,0.0,39560.740226530135,0.0,39560.740226530135,10800.0,10800.0
2025-03-25,0.75,67042.68585438217,27.40709034026645,40532.22797901559,191.19186221369876,40723.41984122929,10800.0,10800.0
2025-03-26,0.75,67510.27549498188,0.0,40683.855945674055,0.0,40683.855945674055,10800.0,10800.0
2025-03-27,0.75,69439.53068129825,0.0,41975.29188726817,0.0,41975.29188726817,10800.0,10800.0
2025-03-28,0.75,31400.03780189185,0.0,15943.851554926525,0.0,15943.851554926525,10800.0,10800.0
2025-03-29,0.75,31207.79924425382,0.0,15818.780593702393,0.0,15818.780593702393,10800.0,10800.0
2025-03-30,0.75,69553.97268586993,0.0,41820.33515864096,0.0,41820.33515864096,10800.0,10800.0
2025-03-31,0.75,68981.31658278953,0.0,41412.089916359015,0.0,41412.089916359015,10800.0,10800.0
2025-04-01,0.75,70165.6987911101,0.0,42274.24370004533,0.0,42274.24370004533,10800.0,10800.0
2025-04-02,0.75,63237.63015134762,1669.8201208784003,37882.98203583885,8820.773179020624,46703.75521485948,10800.0,10800.0
2025-04-03,0.75,65567.99841018191,67.00059876063631,39199.43737460488,328.96233670151673,39528.399711306396,10800.0,10800.0
2025-04-04,0.75,30321.690135980454,0.0,15214.484323231929,0.0,15214.484323231929,10800.0,10800.0
2025-04-05,0.75,30545.49930393997,0.0,15389.281026129971,0.0,15389.281026129971,10800.0,10800.0
2025-04-06,0.75,64431.475101923446,0.0,38280.946045748955,0.0,38280.946045748955,10800.0,10800.0
2025-04-07,0.75,64556.34018543336,0.0,38395.53505734716,0.0,38395.53505734716,10800.0,10800.0
2025-04-08,0.75,66385.03971341235,104.15124999999911,39275.698539155674,513.4415774999956,39789.14011665567,10800.0,10800.0
2025-04-09,0.75,63196.67299495053,516.33976898637,37759.52082278991,3593.6627089143703,41353.183531704286,10800.0,10800.0
2025-04-10,0.75,62804.45355970929,0.0,37656.47195406331,0.0,37656.47195406331,10800.0,10800.0
2025-04-11,0.75,29951.73310899931,0.0,14886.508051736284,0.0,14886.508051736284,10800.0,10800.0
2025-04-12,0.75,30325.309393873133,0.0,15180.84558032779,0.0,15180.84558032779,10800.0,10800.0
2025-04-13,0.75,60910.92696419364,0.0,36346.82056241377,0.0,36346.82056241377,10800.0,10800.0
2025-04-14,0.75,59526.69751542334,0.0,35613.84899506951,0.0,35613.84899506951,10800.0,10800.0
2025-04-15,0.75,61067.31694574437,0.0,36590.567568953134,0.0,36590.567568953134,10800.0,10800.0
2025-04-16,0.75,61945.67671109804,0.0,36755.14787296135,0.0,36755.14787296135,10800.0,10800.0
2025-04-17,0.75,60191.78683634974,0.0,36043.833847630696,0.0,36043.833847630696,10800.0,10800.0
2025-04-18,0.75,29244.339779693248,0.0,14369.27116063913,0.0,14369.27116063913,10800.0,10800.0
2025-04-19,0.75,29045.486303812846,0.0,14294.480380894654,0.0,14294.480380894654,10800.0,10800.0
2025-04-20,0.75,58667.49829464233,0.0,34993.70634130475,0.0,34993.70634130475,10800.0,10800.0
2025-04-21,0.75,57636.412739575964,0.0,34274.29596621814,0.0,34274.29596621814,10800.0,10800.0
2025-04-22,0.75,56391.69992155171,0.0,33805.63467710123,0.0,33805.63467710123,10800.0,10800.0
2025-04-23,0.75,61101.972032606674,0.0,36058.008417091994,0.0,36058.008417091994,10800.0,10800.0
2025-04-24,0.75,58932.4480945182,0.0,35115.033452546806,0.0,35115.033452546806,10800.0,10800.0
2025-04-25,0.75,28408.75988873399,0.0,13785.332806736647,0.0,13785.332806736647,10800.0,10800.0
2025-04-26,0.75,28547.402712113028,0.0,13887.569271479822,0.0,13887.569271479822,10800.0,10800.0
2025-04-27,0.75,57605.896354433564,0.0,34172.08985661999,0.0,34172.08985661999,10800.0,10800.0
2025-04-28,0.75,56175.16165106607,4300.700983080164,33482.433954269174,29072.968391066126,62555.4023453353,10800.0,10800.0
2025-04-29,0.75,58315.36793686856,109.27866118175086,34601.610758026014,762.3279404038941,35363.938698429905,10800.0,10800.0
2025-04-30,0.75,58224.56046562502,0.0,34421.30029519734,0.0,34421.30029519734,10800.0,10800.0
2025-05-01,0.75,55106.40939357902,1778.5096291719235,33065.716008993084,11478.417165741568,44544.133174734656,10800.0,10249.317142059695
2025-05-02,0.7557362797702115,27793.82639346257,2098.6384930469562,13478.779601731236,12804.199390939448,26282.978992670684,10249.317142059695,9863.644991669853
2025-05-03,0.7597536980034391,28262.967840988633,1329.4110381416979,13856.53914968991,7458.014173463509,21314.55332315342,9863.644991669853,9694.929442999826
2025-05-04,0.7615111516354185,56608.903670730404,1248.9022552048475,33907.80014044534,7807.66939749218,41715.46953793752,9694.929442999826,9408.93815270487
2025-05-05,0.7644902275759909,59529.9359182946,1335.4017903945532,35339.97647075039,8812.976475469448,44152.95294621984,9408.93815270487,9204.329426884648
2025-05-06,0.7666215684699516,56819.33139711786,1028.517970638277,34301.23636430579,6572.421560616687,40873.657924922474,9204.329426884648,8832.079454243394
2025-05-07,0.7704991723516313,60080.68045198521,1456.0368044644817,35965.85404942046,9960.97182284091,45926.82587226137,8832.079454243394,8808.641974248036
2025-05-08,0.7707433127682496,61967.893079678724,35.999250000000075,37882.96690284935,243.22893262500048,38126.195835474355,8808.641974248036,9194.998399955553
2025-05-09,0.7667187666671297,31159.531490337948,0.0,16363.086363277876,0.0,16363.086363277876,9194.998399955553,9985.483651185079
2025-05-10,0.7584845453001554,30816.01692059389,0.0,16060.91747579153,0.0,16060.91747579153,9985.483651185079,10386.807700436293
2025-05-11,0.7543040864537887,61162.49809473088,41.18071666666674,37182.08231149963,277.36103945833383,37459.44335095797,10386.807700436293,10743.128036941407
2025-05-12,0.7505924162818604,62982.779050367215,0.0,38120.26798028227,0.0,38120.26798028227,10743.128036941407,10800.0
2025-05-13,0.75,61390.46605797263,0.0,37364.091640098726,0.0,37364.091640098726,10800.0,10800.0
2025-05-14,0.75,62690.922519371285,0.0,38094.043708451834,0.0,38094.043708451834,10800.0,10800.0
2025-05-15,0.75,62216.37631394281,0.0,37808.02579063387,0.0,37808.02579063387,10800.0,10800.0
2025-05-16,0.75,30480.121968286097,0.0,15929.506096667645,0.0,15929.506096667645,10800.0,10800.0
2025-05-17,0.75,30373.058708305325,0.0,15857.656857278074,0.0,15857.656857278074,10800.0,10800.0
2025-05-18,0.75,63126.144817085165,5.236666666666679,38212.997780659854,35.318698333333415,38248.31647899319,10800.0,10800.0
2025-05-19,0.75,62027.49450515185,67.00333333333344,37608.32400484215,451.9039816666674,38060.22798650882,10800.0,10800.0
2025-05-20,0.75,61709.13796183678,0.0,37392.102426980266,0.0,37392.102426980266,10800.0,10800.0
2025-05-21,0.75,61594.856700309494,23.022053556135393,37313.065447345216,146.08185759177962,37459.147304936996,10800.0,10800.0
2025-05-22,0.75,62140.38023357424,0.0,37848.35074466404,0.0,37848.35074466404,10800.0,10800.0
2025-05-23,0.75,30083.56199163981,0.0,15758.950230684868,0.0,15758.950230684868,10800.0,10800.0
2025-05-24,0.75,30629.76281772475,0.0,16227.026558308145,0.0,16227.026558308145,10800.0,10800.0
2025-05-25,0.75,62154.71809515433,0.0,37635.09672419839,0.0,37635.09672419839,10800.0,10800.0
2025-05-26,0.75,60870.38169884966,0.0,37068.519198817856,0.0,37068.519198817856,10800.0,10800.0
2025-05-27,0.75,62263.8066873784,0.0,37903.760165585256,0.0,37903.760165585256,10800.0,10800.0
2025-05-28,0.75,61650.976720272294,0.0,37612.92135542013,0.0,37612.92135542013,10800.0,10800.0
2025-05-29,0.75,61272.86452513853,17.817433333333497,37427.90292895279,119.77769558333443,37547.68062453612,10800.0,10800.0
2025-05-30,0.75,30114.987163381404,0.0,15801.457529212745,0.0,15801.457529212745,10800.0,10800.0
2025-05-31,0.75,29927.43908931146,161.39124359019394,15612.920192508376,665.2453673236715,16278.165559832049,10800.0,10800.0
2025-06-01,0.75,60497.38751779694,12512.900596824362,36775.803523410905,77584.2574891403,114360.06101255122,10800.0,10001.832981878024
2025-06-02,0.7583142397721039,63585.45476074197,8203.128617506767,38396.145302165736,53777.01167903333,92173.15698119906,10001.832981878024,9152.571141895573
2025-06-03,0.7671607172719211,64322.14089980586,6740.226137925472,38907.510566173805,42641.79565636224,81549.30622253605,9152.571141895573,8474.635000865937
2025-06-04,0.7742225520743131,70660.48473701325,2726.8677964740937,43015.21233916039,18355.75212484123,61370.96446400162,8474.635000865937,8109.0811614774675
2025-06-05,0.778030404567943,72454.06651806834,2537.5934392164854,44244.40710108344,16316.638165762728,60561.045266846166,8109.0811614774675,7737.312361674718
2025-06-06,0.781902996232555,33028.321788093024,3057.1433519358325,18030.148162590922,19421.044730044963,37451.19289263588,7737.312361674718,7332.141382453737
2025-06-07,0.7861235272661069,33454.0037066418,1504.0135625281014,18264.22432345854,9992.312794430474,28256.537117889013,7332.141382453737,7069.698930543155
2025-06-08,0.7888573028068421,84088.9226855427,34.50774158150534,52638.72155489548,232.81660587989663,52871.53816077537,7069.698930543155,7691.002090913283
2025-06-09,0.78238539488632,80895.42341370341,29.347963522252826,50528.871611368944,197.74571578484367,50726.617327153785,7691.002090913283,8330.555196976722
2025-06-10,0.7757233833648258,82907.45871722497,4.800838741108578,51984.18154225983,32.46087114800565,52016.64241340783,8330.555196976722,9101.906711692416
2025-06-11,0.767688471753204,83775.36924199908,559.5748904482645,52226.70627502745,2708.9510405198344,54935.65731554729,9101.906711692416,9759.534312212214
2025-06-12,0.7608381842477895,85216.96279744302,0.0,53473.33022165262,0.0,53473.33022165262,9759.534312212214,10800.0
2025-06-13,0.75,42234.9162409137,0.0,24393.254467733103,0.0,24393.254467733103,10800.0,10800.0
2025-06-14,0.75,42487.227193702245,0.0,24318.709590610553,0.0,24318.709590610553,10800.0,10800.0
2025-06-15,0.75,83599.87120821001,0.0,52160.041210003605,0.0,52160.041210003605,10800.0,10800.0
2025-06-16,0.75,84472.84166764453,0.0,53070.32733218424,0.0,53070.32733218424,10800.0,10800.0
2025-06-17,0.75,85649.78049193986,26.07254747768684,53772.85259579437,176.73552508146426,53949.58812087584,10800.0,10800.0
2025-06-18,0.75,87573.49630292505,0.0,55198.41147187936,0.0,55198.41147187936,10800.0,10800.0
2025-06-19,0.75,84999.57619642725,48.66089197731321,53414.216547408716,327.7017458434435,53741.91829325216,10800.0,10800.0
2025-06-20,0.75,40664.63894451923,0.0,23274.652826060315,0.0,23274.652826060315,10800.0,10800.0
2025-06-21,0.75,39588.56945902821,0.0,22577.111208504175,0.0,22577.111208504175,10800.0,10800.0
2025-06-22,0.75,84319.14797455486,0.0,52709.98767339097,0.0,52709.98767339097,10800.0,10800.0
2025-06-23,0.75,86113.52259310888,0.0,54142.65654815537,0.0,54142.65654815537,10800.0,10800.0
2025-06-24,0.75,85654.10139560128,1054.518928656254,53818.80180562211,5107.941961086428,58926.74376670854,10800.0,10800.0
2025-06-25,0.75,85981.62721771548,0.0,54003.31751315012,0.0,54003.31751315012,10800.0,10800.0
2025-06-26,0.75,84948.05136844498,0.0,53429.584272128865,0.0,53429.584272128865,10800.0,10800.0
2025-06-27,0.75,38208.118100161766,0.0,21985.343363141517,0.0,21985.343363141517,10800.0,10800.0
2025-06-28,0.75,38149.43684636473,0.0,21742.522601450157,0.0,21742.522601450157,10800.0,10800.0
2025-06-29,0.75,85727.28038612724,0.0,53778.61273606692,0.0,53778.61273606692,10800.0,10800.0
2025-06-30,0.75,83423.58062389394,2.70804134573973,52435.21657279819,18.2332423808656,52453.449815179054,10800.0,10800.0
2025-07-01,0.75,86779.22511342604,1471.8549621365146,54609.42949591427,8865.984130059054,63475.41362597333,10800.0,10094.107431543242
2025-07-02,0.7573530475880912,84480.57238912996,1255.1069991712275,52768.245207636006,8075.951867989942,60844.19707562595,10094.107431543242,9511.441752665252
2025-07-03,0.7634224817430703,82600.86885802634,2350.4046805392013,51670.48775193903,13859.328303559054,65529.816055498086,9511.441752665252,9095.637137066893
2025-07-04,0.7677537798222198,38274.62309908637,3654.0518246219513,21965.35605315302,17792.894441707773,39758.2504948608,9095.637137066893,8460.014310452634
2025-07-05,0.774374850932785,38511.40731142784,3788.141355632837,21925.28187754281,20008.533662996204,41933.81554053901,8460.014310452634,7942.793518248175
2025-07-06,0.7797625675182481,80941.78543286462,4408.345754714531,50032.07904203218,28428.63559891426,78460.71464094645,7942.793518248175,7461.524578912977
2025-07-07,0.7847757856363231,83242.40006689337,872.2686116413412,51801.8541121041,5319.009982924279,57120.86409502837,7461.524578912977,7093.47506891008
2025-07-08,0.7886096346988534,89564.78641010789,51.89907825357636,56435.97138842575,353.51019400573057,56789.48158243148,7093.47506891008,7428.378808550889
2025-07-09,0.7851210540775949,89637.46607559375,8.523227220978356,56656.3976804346,57.45933631022559,56713.85701674483,7428.378808550889,8880.149830534532
2025-07-10,0.7699984392652652,88695.23984874199,0.0,56161.27822232278,0.0,56161.27822232278,8880.149830534532,9887.998234630099
2025-07-11,0.7595000183892698,47874.24239936079,0.0,28641.44628585333,0.0,28641.44628585333,9887.998234630099,10800.0
2025-07-12,0.75,48544.711687940566,0.0,29001.44839988707,0.0,29001.44839988707,10800.0,10800.0
2025-07-13,0.75,87584.55270616259,30.961016353883338,55377.3624033372,208.28741194160952,55585.64981527881,10800.0,10800.0
2025-07-14,0.75,85607.75885987196,0.0,53894.02091714265,0.0,53894.02091714265,10800.0,10800.0
2025-07-15,0.75,86936.84809829624,0.0,55163.09030007625,0.0,55163.09030007625,10800.0,10800.0
2025-07-16,0.75,83239.24876421696,0.0,52461.55870340405,0.0,52461.55870340405,10800.0,10800.0
2025-07-17,0.75,83335.46766210916,0.0,52744.69050180215,0.0,52744.69050180215,10800.0,10800.0
2025-07-18,0.75,47516.9277459291,0.0,28214.793650603544,0.0,28214.793650603544,10800.0,10800.0
2025-07-19,0.75,47610.128749726566,0.0,28270.953316402338,0.0,28270.953316402338,10800.0,10800.0
2025-07-20,0.75,83097.39413065539,0.0,52522.329492828685,0.0,52522.329492828685,10800.0,10800.0
2025-07-21,0.75,83424.23470759767,0.0,52742.548248077685,0.0,52742.548248077685,10800.0,10800.0
2025-07-22,0.75,84929.31157309264,0.0,53603.2105320023,0.0,53603.2105320023,10800.0,10800.0
2025-07-23,0.75,83721.47842149147,0.0,52838.769448985295,0.0,52838.769448985295,10800.0,10800.0
2025-07-24,0.75,84688.99331224388,0.0,53623.6658150411,0.0,53623.6658150411,10800.0,10800.0
2025-07-25,0.75,46611.4571350183,0.0,27528.5044079407,0.0,27528.5044079407,10800.0,10800.0
2025-07-26,0.75,47023.77446669297,0.0,27938.827902110257,0.0,27938.827902110257,10800.0,10800.0
2025-07-27,0.75,84544.18256937114,265.2554926812559,53303.35664097674,1322.0436427433517,54625.40028372009,10800.0,10800.0
2025-07-28,0.75,85382.94896443444,147.0340697867061,53895.12163994725,711.6476865318393,54606.76932647909,10800.0,10800.0
2025-07-29,0.75,86496.5063875674,0.0,54557.6676492221,0.0,54557.6676492221,10800.0,10800.0
2025-07-30,0.75,85899.64218337313,0.0,54102.27878348379,0.0,54102.27878348379,10800.0,10800.0
2025-07-31,0.75,86302.38419118512,0.0,54385.64199739153,0.0,54385.64199739153,10800.0,10800.0
2025-08-01,0.75,45256.457715737386,0.0,26541.249148905892,0.0,26541.249148905892,10800.0,10800.0
2025-08-02,0.75,45163.07941378052,0.0,26491.679447357925,0.0,26491.679447357925,10800.0,10800.0
2025-08-03,0.75,82115.01528899278,127.4861277759718,51347.96071650158,859.1748785918683,52207.135595093445,10800.0,10800.0
2025-08-04,0.75,80822.70437630147,0.0,50562.686561233604,0.0,50562.686561233604,10800.0,10800.0
2025-08-05,0.75,79676.70262518483,2.5824796232990366,49805.89774219555,17.39687398235396,49823.294616177904,10800.0,10800.0
2025-08-06,0.75,77669.34372910726,170.18829298227342,48854.46984730364,1187.2335318443395,50041.70337914798,10800.0,10800.0
2025-08-07,0.75,77555.10903434746,24.13501798879838,48793.99262122177,163.06824904131628,48957.060870263085,10800.0,10800.0
2025-08-08,0.75,42423.019542672366,0.0,24588.308411515318,0.0,24588.308411515318,10800.0,10800.0
2025-08-09,0.75,41982.5613919582,0.0,24348.075951620936,0.0,24348.075951620936,10800.0,10800.0
2025-08-10,0.75,73292.96870724863,13.600412137739227,46447.84048616135,93.79737250334749,46541.6378586647,10800.0,10800.0
2025-08-11,0.75,75953.67579222198,55.94807274269408,47878.428619453196,377.30438247307853,48255.73300192627,10800.0,10800.0
2025-08-12,0.75,74800.47658492654,669.7575395411097,47023.408802470236,4623.31766626321,51646.72646873345,10800.0,10800.0
2025-08-13,0.75,74585.35062025256,57.64979423084753,47200.19940904131,393.21658634404315,47593.41599538536,10800.0,10800.0
2025-08-14,0.75,73976.12457649165,67.61155871979122,46934.98972350071,465.7725134674993,47400.76223696821,10800.0,10800.0
2025-08-15,0.75,41973.56283357442,0.0,24385.838225325784,0.0,24385.838225325784,10800.0,10800.0
2025-08-16,0.75,42245.74598453154,0.0,24574.496344657153,0.0,24574.496344657153,10800.0,10800.0
2025-08-17,0.75,73287.21455920143,121.30286500860859,46512.132895219474,817.1369423466379,47329.26983756611,10800.0,10800.0
2025-08-18,0.75,74269.01739027246,125.80886730100974,47107.42499938829,853.347448304771,47960.77244769306,10800.0,10800.0
2025-08-19,0.75,74493.99770558608,116.57304475637523,47300.07071574153,786.3656720457226,48086.43638778725,10800.0,10800.0
2025-08-20,0.75,72869.15727989675,2700.5086993703258,46276.4617753432,17472.231600420386,63748.693375763585,10800.0,10800.0
2025-08-21,0.75,74082.64228858182,1.1364242046607842,47163.10817008872,7.664613048334658,47170.77278313706,10800.0,10800.0
2025-08-22,0.75,42025.12089483408,133.80398342571863,24380.288607751543,917.1799422725492,25297.468550024092,10800.0,10740.04894690276
2025-08-23,0.7506244901364296,42074.3183247434,0.0,24501.53221469447,0.0,24501.53221469447,10740.04894690276,10800.0
2025-08-24,0.75,72354.50234665496,249.03182140225618,46031.21696601169,1684.3214259848116,47715.5383919965,10800.0,10790.788628897597
2025-08-25,0.7500959517823167,73221.04726591457,2319.76075549315,46555.37983184074,15825.618952641817,62380.99878448256,10790.788628897597,10800.0
2025-08-26,0.75,73684.82980797587,6.073107410129978,46722.44182753594,40.91350348882592,46763.355331024766,10800.0,10800.0
2025-08-27,0.75,74274.40810945576,445.0850775931862,46943.5320984392,3099.411171899728,50042.94327033893,10800.0,10800.0
2025-08-28,0.75,74037.65937299773,1542.1186511939006,46915.99516141362,10586.426713444273,57502.42187485789,10800.0,10775.364044090082
2025-08-29,0.7502566245407283,42071.59806574752,0.0,24516.29947901673,0.0,24516.29947901673,10775.364044090082,10800.0
2025-08-30,0.75,42239.87434565539,0.0,24636.812973705586,0.0,24636.812973705586,10800.0,10800.0
2025-08-31,0.75,73422.56268130986,24.70355941096136,46939.80505503632,169.9869215820558,47109.79197661838,10800.0,10800.0
2025-09-01,0.75,74098.41338489566,0.0,46975.571757892976,0.0,46975.571757892976,10800.0,10800.0
2025-09-02,0.75,70512.8993622782,0.0,44657.4796681388,0.0,44657.4796681388,10800.0,10800.0
2025-09-03,0.75,68715.76901926921,0.0,43220.62551282787,0.0,43220.62551282787,10800.0,10800.0
2025-09-04,0.75,69566.35469210033,0.0,43571.54754744341,0.0,43571.54754744341,10800.0,10800.0
2025-09-05,0.75,38666.31177334,0.0,21981.07426251538,0.0,21981.07426251538,10800.0,10800.0
2025-09-06,0.75,37777.46814143538,0.0,21296.345607520143,0.0,21296.345607520143,10800.0,10800.0
2025-09-07,0.75,67394.55896087596,0.0,42458.940642106565,0.0,42458.940642106565,10800.0,10800.0
2025-09-08,0.75,62568.207263769815,1714.1459274399947,38814.65882376218,11735.236236347964,50549.895060110146,10800.0,10800.0
2025-09-09,0.75,67422.58449768736,0.0,41927.102936313124,0.0,41927.102936313124,10800.0,10800.0
2025-09-10,0.75,64287.994004551176,1910.6482557858212,39955.30505441377,12529.723228540006,52485.028282953775,10800.0,10800.0
2025-09-11,0.75,64409.959208922795,4.768652383015933,40096.20836677351,32.1454857139104,40128.353852487424,10800.0,10800.0
2025-09-12,0.75,33174.772573659386,86.03529782522638,17936.581515088234,307.2465243296819,18243.828039417916,10800.0,10800.0
2025-09-13,0.75,33716.61396477115,0.0,18296.307432921505,0.0,18296.307432921505,10800.0,10800.0
2025-09-14,0.75,64260.86457508702,524.3447030265891,39765.47544820775,3544.8857285437084,43310.36117675146,10800.0,10800.0
2025-09-15,0.75,66125.45677940936,1.1717666666667128,40762.068084302846,7.893606150000311,40769.961690452845,10800.0,10800.0
2025-09-16,0.75,63653.19743493936,148.5063040010327,39452.84773073905,1009.7525869430602,40462.60031768211,10800.0,10706.15428687734
2025-09-17,0.7509775595116944,69518.17742679913,7.62916666666672,43151.95673237264,34.70889375000024,43186.66562612264,10706.15428687734,10800.0
2025-09-18,0.75,64978.77362030945,149.1390170606671,40416.24822178684,844.6253773481092,41260.873599134946,10800.0,10753.45087884585
2025-09-19,0.7504848866786891,33761.67728245827,0.0,18284.821040318522,0.0,18284.821040318522,10753.45087884585,10800.0
2025-09-20,0.75,34099.12300490946,0.0,18522.76709602696,0.0,18522.76709602696,10800.0,10800.0
2025-09-21,0.75,68190.27112555325,10.56125313383534,42236.492149414684,57.32831113977029,42293.82046055445,10800.0,10800.0
2025-09-22,0.75,65091.970214216766,320.1008586835835,40415.24130255035,1865.0727591407792,42280.314061691126,10800.0,10722.316340536438
2025-09-23,0.7508092047860788,66841.14295871419,820.3925421264117,41378.3078365959,5396.80248835758,46775.11032495348,10722.316340536438,10698.3825902346
2025-09-24,0.7510585146850562,68524.14621415411,0.0,42488.26674046692,0.0,42488.26674046692,10698.3825902346,10800.0
2025-09-25,0.75,67887.9568199152,47.78461684840022,42333.58507364592,255.36830974317925,42588.9533833891,10800.0,10773.375342997564
2025-09-26,0.7502773401771087,34736.97402905203,0.0,18965.70279129477,0.0,18965.70279129477,10773.375342997564,10800.0
2025-09-27,0.75,34388.917669418806,355.28903069304096,18701.644572525303,2463.2203379678344,21164.86491049314,10800.0,10660.87543870059
2025-09-28,0.7514492141802022,69764.19802971843,5.868333333333339,43224.08593012855,39.56136916666671,43263.64729929522,10660.87543870059,10712.23482460175
2025-09-29,0.7509142205770651,69225.95243072236,223.69518160874065,42953.24696988468,1502.478882135631,44455.72585202032,10712.23482460175,10675.285596181458
2025-09-30,0.7512991083731098,70847.62996261341,93.1617121116713,44263.00444320093,506.1155292281894,44769.11997242912,10675.285596181458,10800.0
2025-10-01,0.75,72041.16710831059,0.0,44782.49101015377,0.0,44782.49101015377,10800.0,10800.0
2025-10-02,0.75,68722.40211052535,0.0,42665.908335783824,0.0,42665.908335783824,10800.0,10800.0
2025-10-03,0.75,33878.61659326061,0.0,18166.01769156733,0.0,18166.01769156733,10800.0,10800.0
2025-10-04,0.75,34477.76465804421,0.0,18598.18789355632,0.0,18598.18789355632,10800.0,10800.0
2025-10-05,0.75,69867.1414841179,0.0,43114.189681315795,0.0,43114.189681315795,10800.0,10800.0
2025-10-06,0.75,69175.49646136892,0.0,42717.27706379264,0.0,42717.27706379264,10800.0,10800.0
2025-10-07,0.75,69629.99128531758,0.0,42989.581320665115,0.0,42989.581320665115,10800.0,10800.0
2025-10-08,0.75,64284.8663773528,0.0,39202.900411342125,0.0,39202.900411342125,10800.0,10800.0
2025-10-09,0.75,63814.361232931136,0.0,39052.95571454408,0.0,39052.95571454408,10800.0,10800.0
2025-10-10,0.75,32375.518346019915,0.0,16648.175942702666,0.0,16648.175942702666,10800.0,10800.0
2025-10-11,0.75,33376.954217120845,0.0,17312.32610139729,0.0,17312.32610139729,10800.0,10800.0
2025-10-12,0.75,66260.56319387334,12.561393276047284,40445.917558391855,58.83756610500547,40504.75512449686,10800.0,10800.0
2025-10-13,0.75,66299.76236177345,0.0,40653.977061995574,0.0,40653.977061995574,10800.0,10800.0
2025-10-14,0.75,66637.79761353439,253.52013516685105,40849.24797048971,1234.8691980627482,42084.11716855246,10800.0,10800.0
2025-10-15,0.75,66412.91961614144,179.48367487896098,40712.80132560738,1216.1048854917221,41928.90621109911,10800.0,10800.0
2025-10-16,0.75,66842.62607649117,1055.6707139764358,41224.72681398399,7289.170950039071,48513.89776402306,10800.0,10800.0
2025-10-17,0.75,33710.04805621249,0.0,17521.14114423859,0.0,17521.14114423859,10800.0,10800.0
2025-10-18,0.75,33746.08654015152,0.0,17564.736452433004,0.0,17564.736452433004,10800.0,10800.0
2025-10-19,0.75,68799.23678055895,1539.7226885328173,42071.9255663606,10524.329158588755,52596.25472494936,10800.0,10800.0
2025-10-20,0.75,69955.04166677577,649.5539173021855,42963.412382227936,3130.5655987611417,46093.977980989075,10800.0,10800.0
2025-10-21,0.75,71460.5034997171,0.0,43985.47626512365,0.0,43985.47626512365,10800.0,10800.0
2025-10-22,0.75,71928.7952925587,884.4947666922703,44021.23829414719,4380.008467326374,48401.246761473565,10800.0,10791.206682120572
2025-10-23,0.7500915970612441,72140.45729933826,0.0,44488.104390910565,0.0,44488.104390910565,10791.206682120572,10800.0
2025-10-24,0.75,33827.59365505019,226.3979444984151,17515.864829977494,1247.0400083907448,18762.90483836824,10800.0,10774.935022420927
2025-10-25,0.7502610935164487,34499.12431893716,0.0,18009.06503493789,0.0,18009.06503493789,10774.935022420927,10800.0
2025-10-26,0.75,72974.9347472009,0.0,44992.53968542362,0.0,44992.53968542362,10800.0,10800.0
2025-10-27,0.75,72821.32251940528,379.40653429062866,44867.534871877135,2641.1217864998275,47508.65665837696,10800.0,10800.0
2025-10-28,0.75,73900.5111676174,0.0,45494.370553461566,0.0,45494.370553461566,10800.0,10800.0
2025-10-29,0.75,73311.74984624107,1087.217587962096,45215.89668400092,7313.923796155324,52529.820480156246,10800.0,10800.0
2025-10-30,0.75,73134.94719308695,0.0,45148.65650005376,0.0,45148.65650005376,10800.0,10800.0
2025-10-31,0.75,34931.60007086026,0.0,18326.16167223581,0.0,18326.16167223581,10800.0,10800.0
2025-11-01,0.75,35196.93210470029,0.0,18493.792669566355,0.0,18493.792669566355,10800.0,10800.0
2025-11-02,0.75,74781.43906879169,182.99957293844602,46130.69891418207,1249.9142260870328,47380.6131402691,10800.0,10800.0
2025-11-03,0.75,75857.41053228697,0.0,47072.60722363884,0.0,47072.60722363884,10800.0,10800.0
2025-11-04,0.75,77180.92922847855,91.14351457940627,47912.092082643285,523.1486276309281,48435.240710274215,10800.0,10800.0
2025-11-05,0.75,77967.29023076987,0.0,48545.11314143392,0.0,48545.11314143392,10800.0,10800.0
2025-11-06,0.75,76401.71289710859,924.4719249287353,47507.20643665851,4473.167056130939,51980.37349278945,10800.0,10791.168271617116
2025-11-07,0.750091997170655,36098.32719726661,0.0,19104.165560656573,0.0,19104.165560656573,10791.168271617116,10800.0
2025-11-08,0.75,36147.70120345056,0.0,19078.93508001117,0.0,19078.93508001117,10800.0,10800.0
2025-11-09,0.75,77990.13577691675,0.0,48658.051207303484,0.0,48658.051207303484,10800.0,10800.0
2025-11-10,0.75,79203.12238907933,82.1579611569188,49401.545562387306,491.7846124625823,49893.330174849885,10800.0,10800.0
2025-11-11,0.75,79948.12386357605,0.0,50062.08595720351,0.0,50062.08595720351,10800.0,10800.0
2025-11-12,0.75,81015.18797618317,0.0,50825.53058850351,0.0,50825.53058850351,10800.0,10800.0
2025-11-13,0.75,80883.23900685081,35.61045223502583,50837.00650137102,248.4185147915402,51085.42501616256,10800.0,10800.0
2025-11-14,0.75,36962.21825671432,0.0,19617.854170682713,0.0,19617.854170682713,10800.0,10800.0
2025-11-15,0.75,36974.029084494505,0.0,19628.664365487148,0.0,19628.664365487148,10800.0,10800.0
2025-11-16,0.75,81831.2061394277,0.0,51419.95185242595,0.0,51419.95185242595,10800.0,10800.0
2025-11-17,0.75,83331.25903469694,0.0,52514.19547048712,0.0,52514.19547048712,10800.0,10800.0
2025-11-18,0.75,82674.90354426386,0.0,52081.22788837104,0.0,52081.22788837104,10800.0,10800.0
2025-11-19,0.75,83040.42672134592,1.3850000000001046,52351.71166033447,6.301057500000477,52358.01271783447,10800.0,10800.0
2025-11-20,0.75,82986.36678928725,0.0,52303.09216343814,0.0,52303.09216343814,10800.0,10800.0
2025-11-21,0.75,37614.872545700055,0.0,20080.138220867328,0.0,20080.138220867328,10800.0,10800.0
2025-11-22,0.75,38011.59857770511,0.0,20212.077916239796,0.0,20212.077916239796,10800.0,10800.0
2025-11-23,0.75,84551.70415186594,0.0,53366.153627439635,0.0,53366.153627439635,10800.0,10800.0
2025-11-24,0.75,84042.63617062195,53.66246807554442,52971.046540853364,269.39056762479174,53240.43710847815,10800.0,10800.0
2025-11-25,0.75,84813.67063880926,0.0,53515.052976855106,0.0,53515.052976855106,10800.0,10800.0
2025-11-26,0.75,85315.30130847688,32.99316666666664,53876.704770815144,154.53999266666654,54031.24476348181,10800.0,10800.0
2025-11-27,0.75,84177.2234855931,0.0,53171.74547721124,0.0,53171.74547721124,10800.0,10800.0
2025-11-28,0.75,38113.63997788985,0.0,20227.924825328584,0.0,20227.924825328584,10800.0,10800.0
2025-11-29,0.75,38701.00945827624,591.0636482442674,20564.221502704764,3723.6344548853417,24287.855957590105,10800.0,10800.0
2025-11-30,0.75,86324.99907187012,6.062833333333515,54659.41437305835,28.398311333334185,54687.81268439168,10800.0,10800.0
2025-12-01,0.75,85627.51733503291,5518.048705017485,54063.169048786884,29126.42433123824,83189.59338002512,10800.0,10793.577201775828
2025-12-02,0.7500669041481685,87379.27067376445,5831.048134434612,55264.03878532937,31400.639996194368,86664.67878152375,10793.577201775828,10763.926313937622
2025-12-03,0.7503757675631497,90972.3582087445,1157.224189673796,57933.47821812621,6404.672007072611,64338.15022519883,10763.926313937622,10748.374535751273
2025-12-04,0.7505377652525909,91246.39405574446,1931.3025970847611,58141.3873682507,9610.723791087712,67752.11115933841,10748.374535751273,10800.0
2025-12-05,0.75,44220.56850452662,1361.1499101803338,23175.902953786295,8154.68672194707,31330.589675733365,10800.0,10774.075774377092
2025-12-06,0.7502700440169053,45794.558693373605,1896.9806337450832,23885.518814270465,11415.90114498168,35301.41995925215,10774.075774377092,10773.798016611736
2025-12-07,0.7502729373269611,93567.8164817186,141.75535324686948,59656.35110087665,960.3111999920628,60616.66230086872,10773.798016611736,10800.0
2025-12-08,0.75,97448.20758422912,0.0,62589.84722591905,0.0,62589.84722591905,10800.0,10800.0
2025-12-09,0.75,98313.25138754467,21.277880583970273,63207.43216699818,124.02257884816329,63331.45474584634,10800.0,10800.0
2025-12-10,0.75,97520.98440235158,0.0,62532.8384000237,0.0,62532.8384000237,10800.0,10800.0
2025-12-11,0.75,97613.30716225719,0.0,62786.85883422931,0.0,62786.85883422931,10800.0,10800.0
2025-12-12,0.75,50291.33803259835,0.0,26407.888412324726,0.0,26407.888412324726,10800.0,10800.0
2025-12-13,0.75,52104.69283269044,0.0,27449.56390923269,0.0,27449.56390923269,10800.0,10800.0
2025-12-14,0.75,97885.99588546439,0.0,62861.1843916496,0.0,62861.1843916496,10800.0,10800.0
2025-12-15,0.75,97887.224712711,0.0,62772.69952607127,0.0,62772.69952607127,10800.0,10800.0
2025-12-16,0.75,98129.57937325828,0.0,63063.95255439908,0.0,63063.95255439908,10800.0,10800.0
2025-12-17,0.75,99024.37332068081,0.0,63517.871732987755,0.0,63517.871732987755,10800.0,10800.0
2025-12-18,0.75,98236.43315054127,0.0,63128.83843157111,0.0,63128.83843157111,10800.0,10800.0
2025-12-19,0.75,52487.647236743716,0.0,27595.001350405848,0.0,27595.001350405848,10800.0,10800.0
2025-12-20,0.75,53390.50464164736,0.0,28158.142588429437,0.0,28158.142588429437,10800.0,10800.0
2025-12-21,0.75,100004.64936084143,0.0,64366.5307512772,0.0,64366.5307512772,10800.0,10800.0
2025-12-22,0.75,99915.05394274907,3.148038517746931,64208.44136952529,14.750134474903247,64223.19150400019,10800.0,10800.0
2025-12-23,0.75,100732.77465087574,0.0,64893.99971951804,0.0,64893.99971951804,10800.0,10800.0
2025-12-24,0.75,99513.49164954117,0.0,63852.10066756876,0.0,63852.10066756876,10800.0,10800.0
2025-12-25,0.75,99332.70113124086,0.0,63926.14228903521,0.0,63926.14228903521,10800.0,10800.0
2025-12-26,0.75,52796.64376780951,0.0,27835.77733864386,0.0,27835.77733864386,10800.0,10800.0
2025-12-27,0.75,53413.084408783296,0.0,28147.657399875723,0.0,28147.657399875723,10800.0,10800.0
2025-12-28,0.75,99548.01577071412,0.0,63933.119304730266,0.0,63933.119304730266,10800.0,10800.0
2025-12-29,0.75,99391.5676459847,0.0,63837.7128150405,0.0,63837.7128150405,10800.0,10800.0
2025-12-30,0.75,98713.23130471494,0.0,63372.56827396908,0.0,63372.56827396908,10800.0,10800.0
2025-12-31,0.75,97935.75850101594,0.0,62800.9462008944,0.0,62800.9462008944,10800.0,10800.0
