policy,date,start_slot,end_slot,start_time,end_time,emergency_kwh,slot_count
MAIN,2025-02-09,65,65,10:40,10:50,81.69344576666745,1
MAIN,2025-02-16,36,36,5:50,6:00,20.18033333333324,1
MAIN,2025-02-18,36,36,5:50,6:00,14.942333333333297,1
MAIN,2025-02-19,36,36,5:50,6:00,9.432333333333418,1
MAIN,2025-02-19,39,39,6:20,6:30,38.39491666666663,1
MAIN,2025-02-20,37,37,6:00,6:10,32.6164399999999,1
MAIN,2025-02-23,37,37,6:00,6:10,0.6843733333336104,1
MAIN,2025-02-24,37,37,6:00,6:10,16.943879999999808,1
MAIN,2025-02-25,39,39,6:20,6:30,30.623666666666622,1
MAIN,2025-02-27,58,62,9:30,10:20,507.9416243000008,5
MAIN,2025-03-02,123,124,20:20,20:40,784.4508338666667,2
MAIN,2025-03-02,126,126,20:50,21:00,24.187017800000035,1
MAIN,2025-03-10,124,124,20:30,20:40,368.95280530892137,1
MAIN,2025-03-13,60,65,9:50,10:50,825.2313738863492,6
MAIN,2025-03-13,124,125,20:30,20:50,274.5213697785242,2
MAIN,2025-03-16,36,36,5:50,6:00,1.6399999999999864,1
MAIN,2025-03-18,53,60,8:40,10:00,1017.8464244730228,8
MAIN,2025-03-20,124,124,20:30,20:40,55.97419931295451,1
MAIN,2025-03-23,124,124,20:30,20:40,80.05111551810694,1
MAIN,2025-03-23,126,126,20:50,21:00,2.6324364629472257,1
MAIN,2025-03-25,128,129,21:10,21:30,15.359867612904054,2
MAIN,2025-04-02,53,62,8:40,10:20,1671.5658500000018,10
MAIN,2025-04-03,124,124,20:30,20:40,153.04583444043556,1
MAIN,2025-04-08,55,58,9:00,9:40,104.15124999999956,4
MAIN,2025-04-28,122,126,20:10,21:00,1800.647881487007,5
MAIN,2025-05-01,122,129,20:10,21:30,2033.8308321987292,8
MAIN,2025-05-01,131,132,21:40,22:00,70.775189537448,2
MAIN,2025-05-02,123,132,20:20,22:00,1587.280838937975,10
MAIN,2025-05-03,124,131,20:30,21:50,1206.2116576634935,8
MAIN,2025-05-04,123,131,20:20,21:50,1383.903523842292,9
MAIN,2025-05-05,123,130,20:20,21:40,1642.9477921363157,8
MAIN,2025-05-06,123,131,20:20,21:50,1322.1909596105224,9
MAIN,2025-05-07,124,124,20:30,20:40,624.0424813721231,1
MAIN,2025-05-08,121,121,20:00,20:10,35.99924999999996,1
MAIN,2025-05-11,116,117,19:10,19:30,41.18071666666651,2
MAIN,2025-05-17,124,124,20:30,20:40,36.97631591102305,1
MAIN,2025-05-19,123,123,20:20,20:30,67.00333333333333,1
MAIN,2025-05-22,123,123,20:20,20:30,2.5699999999999363,1
MAIN,2025-05-29,116,116,19:10,19:20,17.817433333333383,1
MAIN,2025-06-01,59,66,9:40,11:00,991.2940696586052,8
MAIN,2025-06-01,114,131,18:50,21:50,9796.33754792962,18
MAIN,2025-06-02,55,57,9:00,9:30,312.68426577689394,3
MAIN,2025-06-02,114,131,18:50,21:50,5301.35774498186,18
MAIN,2025-06-03,56,62,9:10,10:20,722.5435892165226,7
MAIN,2025-06-03,114,120,18:50,20:00,319.1298740378901,7
MAIN,2025-06-03,123,131,20:20,21:50,1368.1595590316783,9
MAIN,2025-06-04,115,116,19:00,19:20,28.70162102066911,2
MAIN,2025-06-04,123,124,20:20,20:40,197.9816558513932,2
MAIN,2025-06-04,129,129,21:20,21:30,25.36790669519769,1
MAIN,2025-06-05,114,115,18:50,19:10,82.69376382251289,2
MAIN,2025-06-05,121,121,20:00,20:10,7.62035995317467,1
MAIN,2025-06-06,123,124,20:20,20:40,892.7490900891028,2
MAIN,2025-06-07,42,46,6:50,7:40,403.9584480573846,5
MAIN,2025-06-07,122,131,20:10,21:50,2231.862566370653,10
MAIN,2025-06-08,116,116,19:10,19:20,2.0123121491077427,1
MAIN,2025-06-08,121,121,20:00,20:10,0.345251764436739,1
MAIN,2025-06-11,60,65,9:50,10:50,835.1489641593158,6
MAIN,2025-06-11,117,117,19:20,19:30,11.074469823887055,1
MAIN,2025-06-15,123,123,20:20,20:30,0.8063107489466574,1
MAIN,2025-06-18,120,120,19:50,20:00,19.9356853152774,1
MAIN,2025-06-18,123,123,20:20,20:30,19.137351981944107,1
MAIN,2025-06-19,116,117,19:10,19:30,92.5676276376787,2
MAIN,2025-06-22,116,117,19:10,19:30,21.766025645819013,2
MAIN,2025-06-22,120,120,19:50,20:00,0.3658461562428101,1
MAIN,2025-06-24,56,65,9:10,10:50,2492.031173255021,10
MAIN,2025-06-24,124,125,20:30,20:50,504.9363586730268,2
MAIN,2025-06-25,114,114,18:50,19:00,13.078796897252346,1
MAIN,2025-06-26,115,115,19:00,19:10,14.257952683090366,1
MAIN,2025-06-26,119,119,19:40,19:50,26.694452683090503,1
MAIN,2025-06-30,114,114,18:50,19:00,51.68875669568638,1
MAIN,2025-06-30,118,118,19:30,19:40,9.966123362353189,1
MAIN,2025-07-01,55,61,9:00,10:10,939.7414911788514,7
MAIN,2025-07-01,114,121,18:50,20:10,686.8068097911062,8
MAIN,2025-07-01,123,131,20:20,21:50,1532.697450283635,9
MAIN,2025-07-02,114,121,18:50,20:10,617.777678773669,8
MAIN,2025-07-02,123,130,20:20,21:40,1100.0851655709746,8
MAIN,2025-07-03,51,63,8:20,10:30,2190.1417328179987,13
MAIN,2025-07-03,114,114,18:50,19:00,72.8965914530761,1
MAIN,2025-07-03,117,132,19:20,22:00,3359.9096292479435,16
MAIN,2025-07-04,20,33,3:10,5:30,625.2302107489293,14
MAIN,2025-07-04,36,44,5:50,7:20,1471.2279210728132,9
MAIN,2025-07-04,123,128,20:20,21:20,1214.9032716650263,6
MAIN,2025-07-04,130,132,21:30,22:00,163.50151215401343,3
MAIN,2025-07-05,15,33,2:20,5:30,1245.9051954108422,19
MAIN,2025-07-05,36,45,5:50,7:30,1569.0968384146213,10
MAIN,2025-07-05,121,131,20:00,21:50,3384.5287034834178,11
MAIN,2025-07-06,49,58,8:00,9:40,2221.380420946985,10
MAIN,2025-07-06,60,61,9:50,10:10,195.78462166666685,2
MAIN,2025-07-06,114,129,18:50,21:30,7188.13129712277,16
MAIN,2025-07-06,131,131,21:40,21:50,7.072815072047661,1
MAIN,2025-07-07,53,56,8:40,9:20,363.6578186070721,4
MAIN,2025-07-07,114,116,18:50,19:20,184.6914864238288,3
MAIN,2025-07-07,118,121,19:30,20:10,358.2236900242805,4
MAIN,2025-07-07,123,131,20:20,21:50,965.9301677576724,9
MAIN,2025-07-08,114,114,18:50,19:00,25.76450945757472,1
MAIN,2025-07-13,116,116,19:10,19:20,2.745945171793892,1
MAIN,2025-07-16,121,121,20:00,20:10,3.951073299059772,1
MAIN,2025-07-17,121,121,20:00,20:10,14.251476530165403,1
MAIN,2025-07-22,120,120,19:50,20:00,13.289343668909282,1
MAIN,2025-07-23,118,118,19:30,19:40,0.3816207898678385,1
MAIN,2025-07-27,55,57,9:00,9:30,311.49463874744777,3
MAIN,2025-07-27,114,114,18:50,19:00,4.152652287696242,1
MAIN,2025-07-29,114,114,18:50,19:00,28.893863307782794,1
MAIN,2025-08-03,118,120,19:30,20:00,43.86251305668952,3
MAIN,2025-08-04,114,114,18:50,19:00,33.921590076266625,1
MAIN,2025-08-11,115,118,19:00,19:40,73.63736687966491,4
MAIN,2025-08-12,116,117,19:10,19:30,84.52214640945147,2
MAIN,2025-08-12,126,126,20:50,21:00,7.495062146906662,1
MAIN,2025-08-13,114,114,18:50,19:00,12.75219050800797,1
MAIN,2025-08-13,116,117,19:10,19:30,64.3767398808053,2
MAIN,2025-08-14,114,115,18:50,19:10,29.17573231537301,2
MAIN,2025-08-14,124,124,20:30,20:40,41.8847449825347,1
MAIN,2025-08-17,116,118,19:10,19:40,69.07087489049081,3
MAIN,2025-08-18,115,115,19:00,19:10,6.950028747172382,1
MAIN,2025-08-18,120,120,19:50,20:00,16.56914936301075,1
MAIN,2025-08-18,123,124,20:20,20:40,67.61653205935488,2
MAIN,2025-08-19,117,118,19:20,19:40,33.39899189103369,2
MAIN,2025-08-19,121,121,20:00,20:10,28.537258603846794,1
MAIN,2025-08-20,54,57,8:50,9:30,443.2267350593479,4
MAIN,2025-08-20,118,121,19:30,20:10,98.89843974577776,4
MAIN,2025-08-25,117,118,19:20,19:40,44.94666804330837,2
MAIN,2025-08-26,124,124,20:30,20:40,5.643109216662197,1
MAIN,2025-08-27,114,114,18:50,19:00,9.061473640984786,1
MAIN,2025-08-28,114,114,18:50,19:00,34.59171807742382,1
MAIN,2025-08-28,120,120,19:50,20:00,10.120227600498993,1
MAIN,2025-08-31,115,116,19:00,19:20,25.115570961719527,2
MAIN,2025-08-31,121,121,20:00,20:10,15.507860480859676,1
MAIN,2025-09-08,123,124,20:20,20:40,913.2038569473932,2
MAIN,2025-09-10,55,58,9:00,9:40,316.49833492641903,4
MAIN,2025-09-10,123,124,20:20,20:40,967.0575918819488,2
MAIN,2025-09-15,119,119,19:40,19:50,1.1717666666665991,1
MAIN,2025-09-16,116,116,19:10,19:20,8.238266666666732,1
MAIN,2025-09-17,55,58,9:00,9:40,253.558788267135,4
MAIN,2025-09-17,60,60,9:50,10:00,1.820590666666772,1
MAIN,2025-09-18,124,126,20:30,21:00,51.068442767448346,3
MAIN,2025-09-18,130,131,21:30,21:50,60.26520966941428,2
MAIN,2025-09-22,120,120,19:50,20:00,10.906666666666524,1
MAIN,2025-09-23,123,123,20:20,20:30,6.025847916406747,1
MAIN,2025-09-25,114,114,18:50,19:00,13.523775434816455,1
MAIN,2025-09-28,55,59,9:00,9:50,450.82394646371984,5
MAIN,2025-09-28,117,117,19:20,19:30,5.868333333333339,1
MAIN,2025-09-29,37,37,6:00,6:10,13.477904070166232,1
MAIN,2025-09-29,124,124,20:30,20:40,5.620383333333393,1
MAIN,2025-09-30,121,121,20:00,20:10,8.047655634860348,1
MAIN,2025-10-12,37,37,6:00,6:10,17.86471993257271,1
MAIN,2025-10-14,55,58,9:00,9:40,430.19441876393904,4
MAIN,2025-10-16,123,124,20:20,20:40,741.8540363296651,2
MAIN,2025-10-19,57,58,9:20,9:40,112.045629868747,2
MAIN,2025-10-19,124,125,20:30,20:50,349.27170182141646,2
MAIN,2025-10-19,129,129,21:20,21:30,20.862169695187617,1
MAIN,2025-10-20,57,61,9:20,10:10,510.4256438909162,5
MAIN,2025-10-22,61,62,10:00,10:20,54.09840061772336,2
MAIN,2025-10-27,37,37,6:00,6:10,19.74493333333328,1
MAIN,2025-10-27,124,124,20:30,20:40,124.2784004846933,1
MAIN,2025-10-29,62,63,10:10,10:30,43.70081148759591,2
MAIN,2025-10-29,124,124,20:30,20:40,667.835468785884,1
MAIN,2025-10-29,126,126,20:50,21:00,0.6821979155181452,1
MAIN,2025-10-30,37,37,6:00,6:10,3.6418333333332384,1
MAIN,2025-11-02,124,124,20:30,20:40,90.11091002612898,1
MAIN,2025-11-04,36,37,5:50,6:10,32.08616896468607,2
MAIN,2025-11-04,124,124,20:30,20:40,77.75364746349919,1
MAIN,2025-11-04,128,128,21:10,21:20,2.8371419208914403,1
MAIN,2025-11-06,57,64,9:20,10:40,1116.8980746326597,8
MAIN,2025-11-10,124,124,20:30,20:40,113.86496724333892,1
MAIN,2025-11-10,126,126,20:50,21:00,18.31988071024034,1
MAIN,2025-11-10,131,131,21:40,21:50,15.860009861440515,1
MAIN,2025-11-11,39,39,6:20,6:30,0.5138386165342581,1
MAIN,2025-11-13,37,37,6:00,6:10,1.064352774503618,1
MAIN,2025-11-13,124,124,20:30,20:40,71.2187713870311,1
MAIN,2025-11-19,36,36,5:50,6:00,1.384999999999991,1
MAIN,2025-11-19,63,64,10:20,10:40,182.6935678403359,2
MAIN,2025-11-24,37,37,6:00,6:10,18.83966666666652,1
MAIN,2025-11-26,37,37,6:00,6:10,32.99316666666664,1
MAIN,2025-11-30,37,37,6:00,6:10,6.062833333333401,1
MAIN,2025-12-01,37,37,6:00,6:10,58.5189783188963,1
MAIN,2025-12-01,48,49,7:50,8:10,113.3654333333334,2
MAIN,2025-12-01,55,65,9:00,10:50,3739.180446658228,11
MAIN,2025-12-01,124,124,20:30,20:40,223.90058182887051,1
MAIN,2025-12-02,37,37,6:00,6:10,92.55983333333324,1
MAIN,2025-12-02,48,50,7:50,8:20,198.38029428684277,3
MAIN,2025-12-02,56,65,9:10,10:50,4127.812810394288,10
MAIN,2025-12-02,124,124,20:30,20:40,665.0884356652009,1
MAIN,2025-12-02,128,129,21:10,21:30,21.815001146114582,2
MAIN,2025-12-03,48,48,7:50,8:00,7.667330950453675,1
MAIN,2025-12-03,60,62,9:50,10:20,554.1494620764503,3
MAIN,2025-12-03,64,64,10:30,10:40,33.74514138666628,1
MAIN,2025-12-03,126,126,20:50,21:00,1.027698401629095,1
MAIN,2025-12-04,37,37,6:00,6:10,61.18427605027364,1
MAIN,2025-12-04,48,50,7:50,8:20,113.87438557566644,3
MAIN,2025-12-04,57,65,9:20,10:50,2871.0772544883444,9
MAIN,2025-12-05,52,57,8:30,9:30,812.1244111990432,6
MAIN,2025-12-05,123,125,20:20,20:50,1047.9574886632795,3
MAIN,2025-12-06,50,59,8:10,9:50,1257.070513217508,10
MAIN,2025-12-06,121,125,20:00,20:50,2123.688963275906,5
MAIN,2025-12-06,127,128,21:00,21:20,47.87476150287108,2
MAIN,2025-12-07,48,49,7:50,8:10,117.6152408569036,2
MAIN,2025-12-07,60,64,9:50,10:40,1260.3060498041978,5
MAIN,2025-12-07,124,124,20:30,20:40,322.8620828909947,1
MAIN,2025-12-07,126,126,20:50,21:00,16.132680549763904,1
MAIN,2025-12-09,48,49,7:50,8:10,80.64994914153772,2
MAIN,2025-12-18,64,64,10:30,10:40,108.85647471737823,1
MAIN,2025-12-21,48,48,7:50,8:00,1.095642080771995,1
MAIN,2025-12-22,50,50,8:10,8:20,23.45914999999991,1
MAIN,2025-12-22,128,129,21:10,21:30,40.75549740631618,2
MAIN,2025-12-24,48,48,7:50,8:00,23.32926228168037,1
MAIN,2025-12-28,48,50,7:50,8:20,101.58181487417768,3
MAIN,2025-12-30,48,49,7:50,8:10,51.06310181231368,2
MAIN,2025-12-30,63,64,10:20,10:40,297.19966560123714,2
