policy_id,date,slot_id,physical_interval_start,physical_interval_end,g0_kwh,a_kwh,emergency_kwh,source_path,source_key
P3_MAIN_MEAN_ROLLOUT_061218,2025-03-20,61,2025-03-20T10:00:00,2025-03-20T10:10:00,0,0,0,../../02_batch_run/results/p3_actual_schedule.csv,P3_MAIN_MEAN_ROLLOUT_061218|2025-03-20|61
P3_MAIN_MEAN_ROLLOUT_061218,2025-03-20,73,2025-03-20T12:00:00,2025-03-20T12:10:00,606.73542361111083,499.14167533223701,0,../../02_batch_run/results/p3_actual_schedule.csv,P3_MAIN_MEAN_ROLLOUT_061218|2025-03-20|73
P3_MAIN_MEAN_ROLLOUT_061218,2025-03-20,85,2025-03-20T14:00:00,2025-03-20T14:10:00,0,0,0,../../02_batch_run/results/p3_actual_schedule.csv,P3_MAIN_MEAN_ROLLOUT_061218|2025-03-20|85
P3_MAIN_MEAN_ROLLOUT_061218,2025-03-20,97,2025-03-20T16:00:00,2025-03-20T16:10:00,679.41450694444438,537.93952412320073,0,../../02_batch_run/results/p3_actual_schedule.csv,P3_MAIN_MEAN_ROLLOUT_061218|2025-03-20|97
P3_MAIN_MEAN_ROLLOUT_061218,2025-03-20,109,2025-03-20T18:00:00,2025-03-20T18:10:00,715.14598333333345,715.14598333333345,0,../../02_batch_run/results/p3_actual_schedule.csv,P3_MAIN_MEAN_ROLLOUT_061218|2025-03-20|109
P3_MAIN_MEAN_ROLLOUT_061218,2025-03-20,121,2025-03-20T20:00:00,2025-03-20T20:10:00,0,0,0,../../02_batch_run/results/p3_actual_schedule.csv,P3_MAIN_MEAN_ROLLOUT_061218|2025-03-20|121
P3_MAIN_MEAN_ROLLOUT_061218,2025-06-21,61,2025-06-21T10:00:00,2025-06-21T10:10:00,0,0,0,../../02_batch_run/results/p3_actual_schedule.csv,P3_MAIN_MEAN_ROLLOUT_061218|2025-06-21|61
P3_MAIN_MEAN_ROLLOUT_061218,2025-06-21,73,2025-06-21T12:00:00,2025-06-21T12:10:00,0,0,0,../../02_batch_run/results/p3_actual_schedule.csv,P3_MAIN_MEAN_ROLLOUT_061218|2025-06-21|73
P3_MAIN_MEAN_ROLLOUT_061218,2025-06-21,85,2025-06-21T14:00:00,2025-06-21T14:10:00,0,0,0,../../02_batch_run/results/p3_actual_schedule.csv,P3_MAIN_MEAN_ROLLOUT_061218|2025-06-21|85
P3_MAIN_MEAN_ROLLOUT_061218,2025-06-21,97,2025-06-21T16:00:00,2025-06-21T16:10:00,262.76901249999992,262.76901249999992,0,../../02_batch_run/results/p3_actual_schedule.csv,P3_MAIN_MEAN_ROLLOUT_061218|2025-06-21|97
P3_MAIN_MEAN_ROLLOUT_061218,2025-06-21,109,2025-06-21T18:00:00,2025-06-21T18:10:00,198.45849166666704,198.45849166666704,0,../../02_batch_run/results/p3_actual_schedule.csv,P3_MAIN_MEAN_ROLLOUT_061218|2025-06-21|109
P3_MAIN_MEAN_ROLLOUT_061218,2025-06-21,121,2025-06-21T20:00:00,2025-06-21T20:10:00,0,0,0,../../02_batch_run/results/p3_actual_schedule.csv,P3_MAIN_MEAN_ROLLOUT_061218|2025-06-21|121
P3_MAIN_MEAN_ROLLOUT_061218,2025-09-23,61,2025-09-23T10:00:00,2025-09-23T10:10:00,0,0,0,../../02_batch_run/results/p3_actual_schedule.csv,P3_MAIN_MEAN_ROLLOUT_061218|2025-09-23|61
P3_MAIN_MEAN_ROLLOUT_061218,2025-09-23,73,2025-09-23T12:00:00,2025-09-23T12:10:00,451.17640833333371,0,0,../../02_batch_run/results/p3_actual_schedule.csv,P3_MAIN_MEAN_ROLLOUT_061218|2025-09-23|73
P3_MAIN_MEAN_ROLLOUT_061218,2025-09-23,85,2025-09-23T14:00:00,2025-09-23T14:10:00,0,0,0,../../02_batch_run/results/p3_actual_schedule.csv,P3_MAIN_MEAN_ROLLOUT_061218|2025-09-23|85
P3_MAIN_MEAN_ROLLOUT_061218,2025-09-23,97,2025-09-23T16:00:00,2025-09-23T16:10:00,634.27603888888871,600.18122395730006,1.1368683772161603e-13,../../02_batch_run/results/p3_actual_schedule.csv,P3_MAIN_MEAN_ROLLOUT_061218|2025-09-23|97
P3_MAIN_MEAN_ROLLOUT_061218,2025-09-23,109,2025-09-23T18:00:00,2025-09-23T18:10:00,778.57794999999999,778.35803779881905,0,../../02_batch_run/results/p3_actual_schedule.csv,P3_MAIN_MEAN_ROLLOUT_061218|2025-09-23|109
P3_MAIN_MEAN_ROLLOUT_061218,2025-09-23,121,2025-09-23T20:00:00,2025-09-23T20:10:00,0,0,0,../../02_batch_run/results/p3_actual_schedule.csv,P3_MAIN_MEAN_ROLLOUT_061218|2025-09-23|121
P3_MAIN_MEAN_ROLLOUT_061218,2025-12-21,61,2025-12-21T10:00:00,2025-12-21T10:10:00,0,0,0,../../02_batch_run/results/p3_actual_schedule.csv,P3_MAIN_MEAN_ROLLOUT_061218|2025-12-21|61
P3_MAIN_MEAN_ROLLOUT_061218,2025-12-21,73,2025-12-21T12:00:00,2025-12-21T12:10:00,1047.6567819444444,980.00307622121193,0,../../02_batch_run/results/p3_actual_schedule.csv,P3_MAIN_MEAN_ROLLOUT_061218|2025-12-21|73
P3_MAIN_MEAN_ROLLOUT_061218,2025-12-21,85,2025-12-21T14:00:00,2025-12-21T14:10:00,0,0,0,../../02_batch_run/results/p3_actual_schedule.csv,P3_MAIN_MEAN_ROLLOUT_061218|2025-12-21|85
P3_MAIN_MEAN_ROLLOUT_061218,2025-12-21,97,2025-12-21T16:00:00,2025-12-21T16:10:00,861.76640000000043,861.76640000000043,0,../../02_batch_run/results/p3_actual_schedule.csv,P3_MAIN_MEAN_ROLLOUT_061218|2025-12-21|97
P3_MAIN_MEAN_ROLLOUT_061218,2025-12-21,109,2025-12-21T18:00:00,2025-12-21T18:10:00,750.30226666666545,750.30226666666545,0,../../02_batch_run/results/p3_actual_schedule.csv,P3_MAIN_MEAN_ROLLOUT_061218|2025-12-21|109
P3_MAIN_MEAN_ROLLOUT_061218,2025-12-21,121,2025-12-21T20:00:00,2025-12-21T20:10:00,0,0,0,../../02_batch_run/results/p3_actual_schedule.csv,P3_MAIN_MEAN_ROLLOUT_061218|2025-12-21|121
