hypothesis,slot_id,source_marker,interval_start_minute,interval_end_minute,interval_label,inside_0_24_day,covers_requested_10_00_10_10,final_convention_selected
H-END,1,0:10,0,10,0:00-0:10,true,false,false
H-START,1,0:10,10,20,0:10-0:20,true,false,false
H-END,2,0:20,10,20,0:10-0:20,true,false,false
H-START,2,0:20,20,30,0:20-0:30,true,false,false
H-END,3,0:30,20,30,0:20-0:30,true,false,false
H-START,3,0:30,30,40,0:30-0:40,true,false,false
H-END,4,0:40,30,40,0:30-0:40,true,false,false
H-START,4,0:40,40,50,0:40-0:50,true,false,false
H-END,5,0:50,40,50,0:40-0:50,true,false,false
H-START,5,0:50,50,60,0:50-1:00,true,false,false
H-END,6,1:00,50,60,0:50-1:00,true,false,false
H-START,6,1:00,60,70,1:00-1:10,true,false,false
H-END,7,1:10,60,70,1:00-1:10,true,false,false
H-START,7,1:10,70,80,1:10-1:20,true,false,false
H-END,8,1:20,70,80,1:10-1:20,true,false,false
H-START,8,1:20,80,90,1:20-1:30,true,false,false
H-END,9,1:30,80,90,1:20-1:30,true,false,false
H-START,9,1:30,90,100,1:30-1:40,true,false,false
H-END,10,1:40,90,100,1:30-1:40,true,false,false
H-START,10,1:40,100,110,1:40-1:50,true,false,false
H-END,11,1:50,100,110,1:40-1:50,true,false,false
H-START,11,1:50,110,120,1:50-2:00,true,false,false
H-END,12,2:00,110,120,1:50-2:00,true,false,false
H-START,12,2:00,120,130,2:00-2:10,true,false,false
H-END,13,2:10,120,130,2:00-2:10,true,false,false
H-START,13,2:10,130,140,2:10-2:20,true,false,false
H-END,14,2:20,130,140,2:10-2:20,true,false,false
H-START,14,2:20,140,150,2:20-2:30,true,false,false
H-END,15,2:30,140,150,2:20-2:30,true,false,false
H-START,15,2:30,150,160,2:30-2:40,true,false,false
H-END,16,2:40,150,160,2:30-2:40,true,false,false
H-START,16,2:40,160,170,2:40-2:50,true,false,false
H-END,17,2:50,160,170,2:40-2:50,true,false,false
H-START,17,2:50,170,180,2:50-3:00,true,false,false
H-END,18,3:00,170,180,2:50-3:00,true,false,false
H-START,18,3:00,180,190,3:00-3:10,true,false,false
H-END,19,3:10,180,190,3:00-3:10,true,false,false
H-START,19,3:10,190,200,3:10-3:20,true,false,false
H-END,20,3:20,190,200,3:10-3:20,true,false,false
H-START,20,3:20,200,210,3:20-3:30,true,false,false
H-END,21,3:30,200,210,3:20-3:30,true,false,false
H-START,21,3:30,210,220,3:30-3:40,true,false,false
H-END,22,3:40,210,220,3:30-3:40,true,false,false
H-START,22,3:40,220,230,3:40-3:50,true,false,false
H-END,23,3:50,220,230,3:40-3:50,true,false,false
H-START,23,3:50,230,240,3:50-4:00,true,false,false
H-END,24,4:00,230,240,3:50-4:00,true,false,false
H-START,24,4:00,240,250,4:00-4:10,true,false,false
H-END,25,4:10,240,250,4:00-4:10,true,false,false
H-START,25,4:10,250,260,4:10-4:20,true,false,false
H-END,26,4:20,250,260,4:10-4:20,true,false,false
H-START,26,4:20,260,270,4:20-4:30,true,false,false
H-END,27,4:30,260,270,4:20-4:30,true,false,false
H-START,27,4:30,270,280,4:30-4:40,true,false,false
H-END,28,4:40,270,280,4:30-4:40,true,false,false
H-START,28,4:40,280,290,4:40-4:50,true,false,false
H-END,29,4:50,280,290,4:40-4:50,true,false,false
H-START,29,4:50,290,300,4:50-5:00,true,false,false
H-END,30,5:00,290,300,4:50-5:00,true,false,false
H-START,30,5:00,300,310,5:00-5:10,true,false,false
H-END,31,5:10,300,310,5:00-5:10,true,false,false
H-START,31,5:10,310,320,5:10-5:20,true,false,false
H-END,32,5:20,310,320,5:10-5:20,true,false,false
H-START,32,5:20,320,330,5:20-5:30,true,false,false
H-END,33,5:30,320,330,5:20-5:30,true,false,false
H-START,33,5:30,330,340,5:30-5:40,true,false,false
H-END,34,5:40,330,340,5:30-5:40,true,false,false
H-START,34,5:40,340,350,5:40-5:50,true,false,false
H-END,35,5:50,340,350,5:40-5:50,true,false,false
H-START,35,5:50,350,360,5:50-6:00,true,false,false
H-END,36,6:00,350,360,5:50-6:00,true,false,false
H-START,36,6:00,360,370,6:00-6:10,true,false,false
H-END,37,6:10,360,370,6:00-6:10,true,false,false
H-START,37,6:10,370,380,6:10-6:20,true,false,false
H-END,38,6:20,370,380,6:10-6:20,true,false,false
H-START,38,6:20,380,390,6:20-6:30,true,false,false
H-END,39,6:30,380,390,6:20-6:30,true,false,false
H-START,39,6:30,390,400,6:30-6:40,true,false,false
H-END,40,6:40,390,400,6:30-6:40,true,false,false
H-START,40,6:40,400,410,6:40-6:50,true,false,false
H-END,41,6:50,400,410,6:40-6:50,true,false,false
H-START,41,6:50,410,420,6:50-7:00,true,false,false
H-END,42,7:00,410,420,6:50-7:00,true,false,false
H-START,42,7:00,420,430,7:00-7:10,true,false,false
H-END,43,7:10,420,430,7:00-7:10,true,false,false
H-START,43,7:10,430,440,7:10-7:20,true,false,false
H-END,44,7:20,430,440,7:10-7:20,true,false,false
H-START,44,7:20,440,450,7:20-7:30,true,false,false
H-END,45,7:30,440,450,7:20-7:30,true,false,false
H-START,45,7:30,450,460,7:30-7:40,true,false,false
H-END,46,7:40,450,460,7:30-7:40,true,false,false
H-START,46,7:40,460,470,7:40-7:50,true,false,false
H-END,47,7:50,460,470,7:40-7:50,true,false,false
H-START,47,7:50,470,480,7:50-8:00,true,false,false
H-END,48,8:00,470,480,7:50-8:00,true,false,false
H-START,48,8:00,480,490,8:00-8:10,true,false,false
H-END,49,8:10,480,490,8:00-8:10,true,false,false
H-START,49,8:10,490,500,8:10-8:20,true,false,false
H-END,50,8:20,490,500,8:10-8:20,true,false,false
H-START,50,8:20,500,510,8:20-8:30,true,false,false
H-END,51,8:30,500,510,8:20-8:30,true,false,false
H-START,51,8:30,510,520,8:30-8:40,true,false,false
H-END,52,8:40,510,520,8:30-8:40,true,false,false
H-START,52,8:40,520,530,8:40-8:50,true,false,false
H-END,53,8:50,520,530,8:40-8:50,true,false,false
H-START,53,8:50,530,540,8:50-9:00,true,false,false
H-END,54,9:00,530,540,8:50-9:00,true,false,false
H-START,54,9:00,540,550,9:00-9:10,true,false,false
H-END,55,9:10,540,550,9:00-9:10,true,false,false
H-START,55,9:10,550,560,9:10-9:20,true,false,false
H-END,56,9:20,550,560,9:10-9:20,true,false,false
H-START,56,9:20,560,570,9:20-9:30,true,false,false
H-END,57,9:30,560,570,9:20-9:30,true,false,false
H-START,57,9:30,570,580,9:30-9:40,true,false,false
H-END,58,9:40,570,580,9:30-9:40,true,false,false
H-START,58,9:40,580,590,9:40-9:50,true,false,false
H-END,59,9:50,580,590,9:40-9:50,true,false,false
H-START,59,9:50,590,600,9:50-10:00,true,false,false
H-END,60,10:00,590,600,9:50-10:00,true,false,false
H-START,60,10:00,600,610,10:00-10:10,true,true,false
H-END,61,10:10,600,610,10:00-10:10,true,true,false
H-START,61,10:10,610,620,10:10-10:20,true,false,false
H-END,62,10:20,610,620,10:10-10:20,true,false,false
H-START,62,10:20,620,630,10:20-10:30,true,false,false
H-END,63,10:30,620,630,10:20-10:30,true,false,false
H-START,63,10:30,630,640,10:30-10:40,true,false,false
H-END,64,10:40,630,640,10:30-10:40,true,false,false
H-START,64,10:40,640,650,10:40-10:50,true,false,false
H-END,65,10:50,640,650,10:40-10:50,true,false,false
H-START,65,10:50,650,660,10:50-11:00,true,false,false
H-END,66,11:00,650,660,10:50-11:00,true,false,false
H-START,66,11:00,660,670,11:00-11:10,true,false,false
H-END,67,11:10,660,670,11:00-11:10,true,false,false
H-START,67,11:10,670,680,11:10-11:20,true,false,false
H-END,68,11:20,670,680,11:10-11:20,true,false,false
H-START,68,11:20,680,690,11:20-11:30,true,false,false
H-END,69,11:30,680,690,11:20-11:30,true,false,false
H-START,69,11:30,690,700,11:30-11:40,true,false,false
H-END,70,11:40,690,700,11:30-11:40,true,false,false
H-START,70,11:40,700,710,11:40-11:50,true,false,false
H-END,71,11:50,700,710,11:40-11:50,true,false,false
H-START,71,11:50,710,720,11:50-12:00,true,false,false
H-END,72,12:00,710,720,11:50-12:00,true,false,false
H-START,72,12:00,720,730,12:00-12:10,true,false,false
H-END,73,12:10,720,730,12:00-12:10,true,false,false
H-START,73,12:10,730,740,12:10-12:20,true,false,false
H-END,74,12:20,730,740,12:10-12:20,true,false,false
H-START,74,12:20,740,750,12:20-12:30,true,false,false
H-END,75,12:30,740,750,12:20-12:30,true,false,false
H-START,75,12:30,750,760,12:30-12:40,true,false,false
H-END,76,12:40,750,760,12:30-12:40,true,false,false
H-START,76,12:40,760,770,12:40-12:50,true,false,false
H-END,77,12:50,760,770,12:40-12:50,true,false,false
H-START,77,12:50,770,780,12:50-13:00,true,false,false
H-END,78,13:00,770,780,12:50-13:00,true,false,false
H-START,78,13:00,780,790,13:00-13:10,true,false,false
H-END,79,13:10,780,790,13:00-13:10,true,false,false
H-START,79,13:10,790,800,13:10-13:20,true,false,false
H-END,80,13:20,790,800,13:10-13:20,true,false,false
H-START,80,13:20,800,810,13:20-13:30,true,false,false
H-END,81,13:30,800,810,13:20-13:30,true,false,false
H-START,81,13:30,810,820,13:30-13:40,true,false,false
H-END,82,13:40,810,820,13:30-13:40,true,false,false
H-START,82,13:40,820,830,13:40-13:50,true,false,false
H-END,83,13:50,820,830,13:40-13:50,true,false,false
H-START,83,13:50,830,840,13:50-14:00,true,false,false
H-END,84,14:00,830,840,13:50-14:00,true,false,false
H-START,84,14:00,840,850,14:00-14:10,true,false,false
H-END,85,14:10,840,850,14:00-14:10,true,false,false
H-START,85,14:10,850,860,14:10-14:20,true,false,false
H-END,86,14:20,850,860,14:10-14:20,true,false,false
H-START,86,14:20,860,870,14:20-14:30,true,false,false
H-END,87,14:30,860,870,14:20-14:30,true,false,false
H-START,87,14:30,870,880,14:30-14:40,true,false,false
H-END,88,14:40,870,880,14:30-14:40,true,false,false
H-START,88,14:40,880,890,14:40-14:50,true,false,false
H-END,89,14:50,880,890,14:40-14:50,true,false,false
H-START,89,14:50,890,900,14:50-15:00,true,false,false
H-END,90,15:00,890,900,14:50-15:00,true,false,false
H-START,90,15:00,900,910,15:00-15:10,true,false,false
H-END,91,15:10,900,910,15:00-15:10,true,false,false
H-START,91,15:10,910,920,15:10-15:20,true,false,false
H-END,92,15:20,910,920,15:10-15:20,true,false,false
H-START,92,15:20,920,930,15:20-15:30,true,false,false
H-END,93,15:30,920,930,15:20-15:30,true,false,false
H-START,93,15:30,930,940,15:30-15:40,true,false,false
H-END,94,15:40,930,940,15:30-15:40,true,false,false
H-START,94,15:40,940,950,15:40-15:50,true,false,false
H-END,95,15:50,940,950,15:40-15:50,true,false,false
H-START,95,15:50,950,960,15:50-16:00,true,false,false
H-END,96,16:00,950,960,15:50-16:00,true,false,false
H-START,96,16:00,960,970,16:00-16:10,true,false,false
H-END,97,16:10,960,970,16:00-16:10,true,false,false
H-START,97,16:10,970,980,16:10-16:20,true,false,false
H-END,98,16:20,970,980,16:10-16:20,true,false,false
H-START,98,16:20,980,990,16:20-16:30,true,false,false
H-END,99,16:30,980,990,16:20-16:30,true,false,false
H-START,99,16:30,990,1000,16:30-16:40,true,false,false
H-END,100,16:40,990,1000,16:30-16:40,true,false,false
H-START,100,16:40,1000,1010,16:40-16:50,true,false,false
H-END,101,16:50,1000,1010,16:40-16:50,true,false,false
H-START,101,16:50,1010,1020,16:50-17:00,true,false,false
H-END,102,17:00,1010,1020,16:50-17:00,true,false,false
H-START,102,17:00,1020,1030,17:00-17:10,true,false,false
H-END,103,17:10,1020,1030,17:00-17:10,true,false,false
H-START,103,17:10,1030,1040,17:10-17:20,true,false,false
H-END,104,17:20,1030,1040,17:10-17:20,true,false,false
H-START,104,17:20,1040,1050,17:20-17:30,true,false,false
H-END,105,17:30,1040,1050,17:20-17:30,true,false,false
H-START,105,17:30,1050,1060,17:30-17:40,true,false,false
H-END,106,17:40,1050,1060,17:30-17:40,true,false,false
H-START,106,17:40,1060,1070,17:40-17:50,true,false,false
H-END,107,17:50,1060,1070,17:40-17:50,true,false,false
H-START,107,17:50,1070,1080,17:50-18:00,true,false,false
H-END,108,18:00,1070,1080,17:50-18:00,true,false,false
H-START,108,18:00,1080,1090,18:00-18:10,true,false,false
H-END,109,18:10,1080,1090,18:00-18:10,true,false,false
H-START,109,18:10,1090,1100,18:10-18:20,true,false,false
H-END,110,18:20,1090,1100,18:10-18:20,true,false,false
H-START,110,18:20,1100,1110,18:20-18:30,true,false,false
H-END,111,18:30,1100,1110,18:20-18:30,true,false,false
H-START,111,18:30,1110,1120,18:30-18:40,true,false,false
H-END,112,18:40,1110,1120,18:30-18:40,true,false,false
H-START,112,18:40,1120,1130,18:40-18:50,true,false,false
H-END,113,18:50,1120,1130,18:40-18:50,true,false,false
H-START,113,18:50,1130,1140,18:50-19:00,true,false,false
H-END,114,19:00,1130,1140,18:50-19:00,true,false,false
H-START,114,19:00,1140,1150,19:00-19:10,true,false,false
H-END,115,19:10,1140,1150,19:00-19:10,true,false,false
H-START,115,19:10,1150,1160,19:10-19:20,true,false,false
H-END,116,19:20,1150,1160,19:10-19:20,true,false,false
H-START,116,19:20,1160,1170,19:20-19:30,true,false,false
H-END,117,19:30,1160,1170,19:20-19:30,true,false,false
H-START,117,19:30,1170,1180,19:30-19:40,true,false,false
H-END,118,19:40,1170,1180,19:30-19:40,true,false,false
H-START,118,19:40,1180,1190,19:40-19:50,true,false,false
H-END,119,19:50,1180,1190,19:40-19:50,true,false,false
H-START,119,19:50,1190,1200,19:50-20:00,true,false,false
H-END,120,20:00,1190,1200,19:50-20:00,true,false,false
H-START,120,20:00,1200,1210,20:00-20:10,true,false,false
H-END,121,20:10,1200,1210,20:00-20:10,true,false,false
H-START,121,20:10,1210,1220,20:10-20:20,true,false,false
H-END,122,20:20,1210,1220,20:10-20:20,true,false,false
H-START,122,20:20,1220,1230,20:20-20:30,true,false,false
H-END,123,20:30,1220,1230,20:20-20:30,true,false,false
H-START,123,20:30,1230,1240,20:30-20:40,true,false,false
H-END,124,20:40,1230,1240,20:30-20:40,true,false,false
H-START,124,20:40,1240,1250,20:40-20:50,true,false,false
H-END,125,20:50,1240,1250,20:40-20:50,true,false,false
H-START,125,20:50,1250,1260,20:50-21:00,true,false,false
H-END,126,21:00,1250,1260,20:50-21:00,true,false,false
H-START,126,21:00,1260,1270,21:00-21:10,true,false,false
H-END,127,21:10,1260,1270,21:00-21:10,true,false,false
H-START,127,21:10,1270,1280,21:10-21:20,true,false,false
H-END,128,21:20,1270,1280,21:10-21:20,true,false,false
H-START,128,21:20,1280,1290,21:20-21:30,true,false,false
H-END,129,21:30,1280,1290,21:20-21:30,true,false,false
H-START,129,21:30,1290,1300,21:30-21:40,true,false,false
H-END,130,21:40,1290,1300,21:30-21:40,true,false,false
H-START,130,21:40,1300,1310,21:40-21:50,true,false,false
H-END,131,21:50,1300,1310,21:40-21:50,true,false,false
H-START,131,21:50,1310,1320,21:50-22:00,true,false,false
H-END,132,22:00,1310,1320,21:50-22:00,true,false,false
H-START,132,22:00,1320,1330,22:00-22:10,true,false,false
H-END,133,22:10,1320,1330,22:00-22:10,true,false,false
H-START,133,22:10,1330,1340,22:10-22:20,true,false,false
H-END,134,22:20,1330,1340,22:10-22:20,true,false,false
H-START,134,22:20,1340,1350,22:20-22:30,true,false,false
H-END,135,22:30,1340,1350,22:20-22:30,true,false,false
H-START,135,22:30,1350,1360,22:30-22:40,true,false,false
H-END,136,22:40,1350,1360,22:30-22:40,true,false,false
H-START,136,22:40,1360,1370,22:40-22:50,true,false,false
H-END,137,22:50,1360,1370,22:40-22:50,true,false,false
H-START,137,22:50,1370,1380,22:50-23:00,true,false,false
H-END,138,23:00,1370,1380,22:50-23:00,true,false,false
H-START,138,23:00,1380,1390,23:00-23:10,true,false,false
H-END,139,23:10,1380,1390,23:00-23:10,true,false,false
H-START,139,23:10,1390,1400,23:10-23:20,true,false,false
H-END,140,23:20,1390,1400,23:10-23:20,true,false,false
H-START,140,23:20,1400,1410,23:20-23:30,true,false,false
H-END,141,23:30,1400,1410,23:20-23:30,true,false,false
H-START,141,23:30,1410,1420,23:30-23:40,true,false,false
H-END,142,23:40,1410,1420,23:30-23:40,true,false,false
H-START,142,23:40,1420,1430,23:40-23:50,true,false,false
H-END,143,23:50,1420,1430,23:40-23:50,true,false,false
H-START,143,23:50,1430,1440,23:50-0:00+1,true,false,false
H-END,144,0:00+1,1430,1440,23:50-0:00+1,true,false,false
H-START,144,0:00+1,1440,1450,0:00+1-0:10+1,false,false,false
